"specificEpithet","day","month","year","lat","lon","identifiedBy"
"aegopogon",19,1,2015,-19.682778,-46.445,"ANA LUIZA FREITAS"
"aegopogon",5,3,2015,-11.22333,-47.566111,"Meyer, F.S."
"aegopogon",6,3,2015,-11.69421,-47.70079,"Meyer, F. S."
"aegopogon",5,3,2015,-11,-47,"F.S. Meyer"
"aegopogon",17,1,2012,-15.930833,-47.901944,"Meyer, FS"
"aegopogon",24,3,2012,-13.9295,-47.4305,"Meyer, FS"
"aegopogon",17,3,2012,-16.799314,-47.567975,"Meyer, FS"
"aegopogon",21,3,2012,-14.219444,-47.737222,"Ana Luiza Freitas Oliveira"
"aegopogon",24,3,2012,-13.929444,-47.430278,"Ana Luiza Freitas Oliveira"
"aegopogon",17,3,2012,-16.475753,-47.340471,"Meyer, F.S."
"aegopogon",8,4,2010,-18.611389,-48.304722,"Freitas, A.L."
"aegopogon",17,10,2006,-14.235278,-47.905833,"Freitas-Oliveira, AL"
"aegopogon",18,1,2005,-15.824722,-48.906667,"Freitas, A.L."
"aegopogon",5,4,2004,-14.072694,-47.509333,"Guimar„es, PJF"
"aegopogon",20,2,2003,-18.066944,-47.272222,"Freitas, A.L."
"aegopogon",29,11,2003,-20.434444,-46.653333,"Freitas-Oliveira, AL"
"aegopogon",20,1,2002,-17.422833,-47.795583,"Freitas-Oliveira, AL"
"aegopogon",5,12,2002,-20.434444,-46.653333,"Romero, R."
"aegopogon",5,12,2002,-20.335,-46.812778,"Romero, R."
"aegopogon",6,12,2002,-20.3425,-46.767222,"Romero, R."
"aegopogon",20,3,2000,-16.745944,-47.694667,"Guimar„es, PJF"
"aegopogon",30,11,1999,-14.56667,-48.69917,"A. L. Freitas"
"aegopogon",5,12,1999,-15.066667,-50.166667,"Guimar„es, PJF"
"aegopogon",5,12,1999,-15.066667,-50.166667,"J.G.Freitas & P.Guimar„es"
"aegopogon",22,1,1998,-15.9,-48,"P. J. F. Guimar„es"
"aegopogon",NA,11,1996,-14.404444,-48.416389,"Guimar„es, PJF"
"aegopogon",20,12,1996,-15.583333,-47.883333,"Guimar„es, PJF"
"aegopogon",19,1,1994,-15.8,-47.96667,"P. J. F. Guimar„es"
"aegopogon",12,1,1994,-20.267222,-46.415556,"Romero, R"
"aegopogon",7,2,1994,-15.483935,-47.639318,"J. J. Wurdack"
"aegopogon",21,3,1994,-10.124444,-48.270556,"Guimar„es, P"
"aegopogon",6,12,1994,-19.8694005837072,-47.4401506543322,"R. Romero"
"aegopogon",6,11,1993,-14.82333,-60.38611,"J.J. Wurdack"
"aegopogon",9,3,1992,-13.466667,-48.383333,"Ana Luiza Freitas Oliveira"
"aegopogon",4,1,1990,-15.911111,-47.914167,"Freitas, AL"
"aegopogon",9,1,1990,-15.965,-47.898611,"Freitas, AL"
"aegopogon",10,1,1990,-15.951944,-47.893611,"Freitas, AL"
"aegopogon",13,11,1990,-15.75,-48.3,"P. J. F. Guimar„es"
"aegopogon",8,2,1987,-13.733333,-47.25,"Meyer, FS"
"aegopogon",8,2,1987,-13.733333,-47.25,"Freitas, A.L."
"aegopogon",4,2,1987,-16.766667,-47.616667,"Wurdack, J.J."
"aegopogon",4,2,1987,-16.766667,-47.616667,"Wurdack, JJ"
"aegopogon",7,12,1987,-15.8525,-48.9592,"Guimar„es, PJF"
"aegopogon",13,11,1986,-16.7686,-47.6136,"Guimar„es, PJF"
"aegopogon",15,2,1982,-15.566667,-48.033333,"Guimar„es, PJF"
"aegopogon",14,1,1981,-15.9236,-48.8086,"Wurdack, JJ"
"aegopogon",NA,1,1980,-14.116667,-47.516667,"Wurdack, JJ"
"aegopogon",23,1,1979,-14,-47,"Freitas, GA"
"aegopogon",NA,1,1979,-14.116667,-47.516667,"Wurdack, JJ"
"aegopogon",23,1,1979,-14,-47,"J. J. Wurdack"
"aegopogon",27,12,1979,-15.7834208090807,-47.9298726661488,"J. J. Wurdack"
"aegopogon",11,4,1976,-15.866667,-47.85,"Wurdack, JJ"
"aegopogon",28,11,1976,-14.1361863978701,-47.5101417129434,"J. J. Wurdack"
"aegopogon",21,12,1974,-17.8,-48.75,"Wurdack, JJ"
"aegopogon",21,12,1974,-17.8,-48.75,"J. Wurdack"
"aegopogon",4,4,1973,-16.7686,-47.6136,"Wurdack, JJ"
"aegopogon",4,4,1973,-16.823742555015,-47.6704580401791,"J. J. Wurdack"
"aegopogon",16,1,1972,-15.8525,-48.9592,"Wurdack, JJ"
"aegopogon",15,1,1972,-15.8525,-48.9592,"Wurdack, JJ"
"aegopogon",15,1,1972,-15.8525,-48.9592,"Todzia, CA"
"aegopogon",21,1,1972,-14.4739,-48.4597,"Todzia, CA"
"aegopogon",23,1,1972,-14.4739,-48.4597,"Todzia, CA"
"aegopogon",15,1,1972,-15.85,-48.85664,"C. A. Todzia"
"aegopogon",23,1,1972,-14.5223,-48.45,"C. A. Todzia"
"aegopogon",17,1,1972,-15.7981191657884,-48.7761282105302,"C. A. Todzia"
"aegopogon",20,3,1971,-14.116667,-47.516667,"Todzia, CA"
"aegopogon",5,2,1970,-17.22555,-46.8727,"J. J. Wurdack"
"aegopogon",8,2,1970,-17.05385,-47.1541,"J. J. Wurdack"
"aegopogon",25,2,1970,-15.73555,-47.6874,"J. J. Wurdack"
"aegopogon",15,1,1968,-15.9236,-48.8086,"Wurdack, JJ"
"aegopogon",15,1,1968,-15.8,-48.77,"J. J. Wurdack"
"aegopogon",2,12,1968,-16,-49,"Wurdack, J.J."
"aegopogon",NA,NA,1968,-16.7686,-47.6136,"Wurdack, JJ"
"aegopogon",NA,NA,1968,-15.8525,-48.9592,"Wurdack, JJ"
"aegopogon",2,2,1967,-16.7686,-47.6136,"Wurdack, JJ"
"aegopogon",19,1,1966,-14,-50,"Wurdack, JJ"
"aegopogon",19,1,1966,-16.0611,-50.00122,"J. J. Wurdack"
"aegopogon",9,2,1966,-14.1167,-47.70192,"C. A. Todzia"
"aegopogon",2,3,1966,-16.7686,-47.6136,"Wurdack, JJ"
"aegopogon",2,3,1966,-16.72289,-47.6,"J. J. Wurdack"
"aegopogon",2,3,1966,-17,-48,"Wurdack, JJ"
"aegopogon",6,4,1966,-14.0931,-46.3694,"Wurdack, JJ"
"aegopogon",6,4,1966,-14.13,-46.37,"J. J. Wurdack"
"aegopogon",6,4,1966,-14,-46,"Wurdack, JJ"
"aegopogon",5,11,1965,-16.73193,-47.6,"J. J. Wurdack"
"aegopogon",10,11,1965,-16,-48,"J. J. Wurdack"
"aegopogon",2,12,1965,-15.9236,-48.8086,"Wurdack, JJ"
"aegopogon",12,12,1965,-15.8,-47.82397,"J. J. Wurdack"
"aegopogon",2,12,1965,-16.0357639586557,-48.8091309966958,"J. J. Wurdack"
"aegopogon",9,12,1965,-15.7834208090807,-47.9298726661488,"J. J. Wurdack"
"aegopogon",14,12,1965,-15.7834208090807,-47.9298726661488,"J. J. Wurdack"
"aegopogon",2,12,1965,-16,-49,"Wurdack, JJ"
"aegopogon",19,10,1963,-15.7834208090807,-47.9298726661488,"J. J. Wurdack"
"aegopogon",4,1,1961,-15.7834208090807,-47.9298726661488,"J. J. Wurdack"
"aegopogon",NA,NA,NA,-19.690239,-44.096503,"John Julius Wurdack"
"aegopogon",NA,NA,NA,-15.8525,-48.9592,"Romero, R"
"aegopogon",NA,NA,NA,-14.116667,-47.516667,"Guimar„es, PJF"
"aegopogon",NA,NA,NA,-16.7686,-47.6136,"Guimar„es, PJF"
"albescens",21,3,2012,-14.120864,-47.653017,"Meyer, FS"
"albescens",21,3,2012,-14.071511,-47.391086,"Meyer, F.S."
"albescens",10,2,2006,-15.85,-52.267,"Meyer, F. S."
"albescens",13,12,2000,-13.566944,-45.084722,"Freitas, A.L."
"albescens",14,3,1995,-14.133333,-47.45,"Guimar„es, PJF"
"albescens",22,9,1995,-14.55,-60.916667,"C. A. Todzia (TEX)"
"albescens",21,5,1994,-13.766667,-47.5,"Guimar„es, PJF"
"albescens",30,10,1993,-14.58194,-60.84111,"C. A. Todzia (TEX)"
"albescens",8,2,1981,-14.116667,-47.516667,"Wurdack, J"
"albescens",7,2,1981,-14.116667,-47.516667,"Wurdack, J"
"albescens",NA,1,1980,-14.116667,-47.516667,"Wurdack, J"
"albescens",5,2,1979,-14.116667,-47.516667,"Wurdack, JJ"
"albescens",14,2,1979,-14.116667,-47.5,"Guimar„es, PJF"
"albescens",3,2,1979,-14.116667,-47.516667,"Guimar„es, PJF"
"albescens",3,2,1979,-14,-47,"Meyer, FS"
"albescens",5,3,1973,-14.1103,-47.5103,"C. A. Todzia"
"albescens",7,3,1973,-14.0755,-47.4754,"C. A. Todzia"
"albescens",6,3,1973,-14.104,-47.4658,"J. J. Wurdack"
"albescens",18,3,1973,-13.8162297263192,-47.2651251433805,"C. A. Todzia"
"albescens",21,3,1969,-14.116667,-47.516667,"Todzia, CA"
"albescens",21,3,1969,-14.1167,-47.5167,"C. A. Todzia"
"albescens",23,3,1968,-14.38,-47.53,"J. J. Wurdack"
"albescens",13,2,1966,-14,-47,"Guimar„es, PJF"
"albescens",8,2,1966,-14.1167,-47.65562,"F. S. Meyer"
"albescens",13,2,1966,-14.1167,-47.52596,"J. J. Wurdack"
"albescens",NA,NA,NA,-14.116667,-47.516667,"Wurdack, JJ"
"aspera",15,2,2017,-2.424906,-48.42,"Freitas, M.G.O."
"aspera",9,11,2014,-4.596111,-60.158056,"Meyer, F.S."
"aspera",26,10,2012,-3.391944,-61.442222,"M.J.R. Rocha et P.J. Guimar„es"
"aspera",28,10,2012,-4.492222,-61.164167,"M.J.R. Rocha et P.J. Guimar„es"
"aspera",26,10,2012,-3.391944,-61.442222,"M.J.R. Rocha e P.J. Guimar„es"
"aspera",28,10,2012,-4.4922,-61.1642,"M. J. R. Rocha; P. J. F. Guimar„es"
"aspera",30,3,2011,-9.4458,-64.7797,"F. S. Meyer"
"aspera",21,7,2010,-0.5767,-51.1758,"F. S. Meyer"
"aspera",27,6,1999,-4.083333,-41.733333,"Meyer, FS"
"aspera",13,4,1998,-5.026461,-42.420771,"J.G. Freitas; Guimar„es"
"aspera",30,7,1995,3.433333,-59.766667,"Wurdack, JJ"
"aspera",30,7,1995,3.43333,-59.76666,"J.J. Wurdack"
"aspera",16,8,1995,6.5,-58.16666,"J. Wurdack"
"aspera",16,8,1995,6.5,-58.1667,"J. J. Wurdack"
"aspera",16,1,1993,4.81667,-60.0167,"Wurdack, J. J., (US), US (UNITED STATES)"
"aspera",30,5,1993,4.36,-67.73,"Wurdack, J. J., (US), US (UNITED STATES)"
"aspera",9,12,1993,5.4,-67.61,"Wurdack, J. J., (US), US (UNITED STATES)"
"aspera",15,12,1993,4.9,-68.33333,"Guimar„es"
"aspera",10,12,1993,4.55,-71.33333,"Guimar„es"
"aspera",22,3,1992,-8.266667,-72.78,"Todzia, C.A."
"aspera",22,3,1992,-8.26666,-72.78333,"C. Todzia"
"aspera",22,3,1992,-8.27,-72.78,"C. A. Todzia"
"aspera",26,5,1992,5.41,-53.06,"Wurdack, J. J., (US), US (UNITED STATES)"
"aspera",NA,NA,1990,5.36666,-58.11666,"J.J. Wurdack"
"aspera",3,9,1989,1.65,-58.63333,"J.J. Wurdack"
"aspera",13,9,1989,7.11,-63.23,"Wurdack, J. J., (US), US (UNITED STATES)"
"aspera",NA,10,1989,5.15,-67.75,"Wurdack, J. J., (US), US (UNITED STATES)"
"aspera",NA,NA,1989,5.55,-57.66666,"J. j. Wurdack"
"aspera",28,4,1988,5.316667,-61.05,"J.J. Wurdack"
"aspera",3,5,1988,5,-61.16666,"J.J. Wurdack"
"aspera",10,9,1988,3.88,-58.91,"Guimar„es, P. J. F."
"aspera",12,4,1987,5.6,-57.58,"Wurdack, J. J., (US), US (UNITED STATES)"
"aspera",10,4,1987,-10.73,-65.25,"J. J. Wurdack"
"aspera",8,6,1987,-12.45,-67.616667,"J.J. Wurdack (US)"
"aspera",25,8,1987,4.1642,-60.58,"Wurdack, J.J."
"aspera",15,8,1987,2.883333,-54.07,"Wurdack, J.J."
"aspera",25,8,1987,1.3,-60.58,"Wurdack, J.J."
"aspera",25,8,1987,1.3,-60.58333,"J.J. Wurdack"
"aspera",15,8,1987,2.88,-54.06,"Wurdack, J. J., (US), US (UNITED STATES)"
"aspera",4,10,1987,-10.733333,-65.25,"Wurdack, J.J."
"aspera",NA,NA,1987,-10.73333,-65.25,"J. Wurdack"
"aspera",26,3,1986,-1.083333,-53.17,"Wurdack, J.J."
"aspera",21,4,1986,-3.03,-60.58,"J. J. Wurdack"
"aspera",5,6,1986,3.61,-53.2,"Todzia, C. A., (TEX), University of Texas Austin"
"aspera",4,8,1986,-2.666667,-60.33,"Wurdack, J.J."
"aspera",4,8,1986,-2.666667,-60.333333,"J. J. Wurdack"
"aspera",21,10,1986,4.66666,-61.55,"J. Wurdack"
"aspera",17,12,1986,5.71666,-57.53333,"J J. Wurdack"
"aspera",16,2,1985,3.1,-59.4,"Wurdack, J. J., (US), US (UNITED STATES)"
"aspera",6,3,1985,5.3,-69.01666,"J. Wurdack (US)"
"aspera",19,10,1985,4.5,-61.58333,"J. Wurdack"
"aspera",29,10,1985,4.5,-61.5,"Carol A Todzia (TEX)"
"aspera",8,4,1984,4.2,-51.65,"Wurdack, J. J., (US), US (UNITED STATES)"
"aspera",14,11,1984,4.81,-67.43,"Wurdack, J. J., (US), US (UNITED STATES)"
"aspera",27,7,1983,4.36,-61.75,"Wurdack, J. J., (US), US (UNITED STATES)"
"aspera",25,7,1982,4.31666,-61.73333,"J.J. Wurdack (US)"
"aspera",25,9,1982,7.35,-62.71,"Wurdack, J. J., (US), US (UNITED STATES)"
"aspera",7,3,1981,13.53333,-84.23333,"C.A. Todzia"
"aspera",9,3,1981,14.01666,-83.4,"C.A. Todzia"
"aspera",10,4,1981,7.46666,-63.23333,"Wurdack"
"aspera",2,4,1981,11.983333,-83.766667,"C.A. Todzia, 2002 (TEX)"
"aspera",4,8,1981,-0.98333,-54.98333,"J.J. Wurdack"
"aspera",22,2,1980,-7.516667,-63.166667,"Paulo Guimar„es"
"aspera",29,3,1980,-1.05,-48.12,"Wurdack, J.J."
"aspera",29,3,1980,-1.05,-48.116667,"J.J. Wurdack"
"aspera",29,3,1980,-1.05,-48.116667,"J. J. Wurdack"
"aspera",14,5,1980,5.36666,-67.55,"J.J. Wurdack"
"aspera",13,8,1980,-2.17505641973007,-56.7457052359991,"J. J. Wurdack"
"aspera",8,11,1980,5.61,-66.13,"Wurdack, J. J., (US), US (UNITED STATES)"
"aspera",9,10,1979,5.31,-66.28,"Wurdack, J. J., (US), US (UNITED STATES)"
"aspera",31,1,1978,4.78,-52.35,"Wurdack, J. J., (US), US (UNITED STATES)"
"aspera",20,4,1978,5.85,-67.41666,"J.J. Wurdack"
"aspera",29,5,1978,4.05,-66.81,"Wurdack, J. J., (US), US (UNITED STATES)"
"aspera",13,11,1978,5.8,-67.33,"Wurdack, J. J., (US), US (UNITED STATES)"
"aspera",NA,NA,1977,9.13333,-62.83333,"J. Wurdack"
"aspera",29,6,1975,5.35,-67.666667,"Carol A Todzia (TEX)"
"aspera",14,2,1974,-7.5,-57.25,"Wurdack, J.J."
"aspera",19,3,1974,9.266667,-62.933333,"J. Wurdack"
"aspera",27,10,1974,9.170278,-79.420278,"John Wurdack"
"aspera",19,4,1973,8.81666,-62.45,"J. Wurdack"
"aspera",4,10,1973,9.12055,-79.04611,"J. Wurdack, US"
"aspera",13,5,1970,5.53,-54.8,"Wurdack, J. J., (US), US (UNITED STATES)"
"aspera",11,7,1970,14.73333,-83.88333,"J. J. Wurdack"
"aspera",15,7,1970,14.75,-83.88333,"J. J. Wurdack"
"aspera",12,1,1969,2.416667,-60.18,"Wurdack, J.J."
"aspera",12,1,1969,2.42,-60.18,"Wurdack, J.J."
"aspera",12,1,1969,0.424722,-60.187222,"Wurdack    , J.J"
"aspera",NA,1,1969,3.41,-65.66,"Wurdack, J. J., (US), US (UNITED STATES)"
"aspera",19,8,1969,3.61,-52.31,"Wurdack, J. J., (US), US (UNITED STATES)"
"aspera",19,9,1967,0.733333,-51.366667,"Wurdack, J.J."
"aspera",8,7,1963,3.33,-56.81,"Wurdack, J. J., (US), US (UNITED STATES)"
"aspera",22,9,1963,3.16666,-56.48333,"J.j. wurdack"
"aspera",22,9,1963,0.333333,-56.816667,"Wurdack, J.J."
"aspera",22,9,1963,3.1,-56.46,"Wurdack, J. J., (US), US (UNITED STATES)"
"aspera",16,9,1961,0.73,-51.37,"Wurdack, J.J."
"aspera",8,7,1960,-0.03,-51.08,"Wurdack, J.J."
"aspera",18,4,1956,3.38,-59.78,"Wurdack, J. J., (US), US (UNITED STATES)"
"aspera",6,7,1954,-2.93778648539846,-44.2352209866645,"A. C. Brade"
"aspera",31,12,1954,4.98,-60.61,"Wurdack, J. J., (US), US (UNITED STATES)"
"aspera",16,2,1951,4.41,-65.83,"Wurdack, J. J., (US), US (UNITED STATES)"
"aspera",22,1,1950,-1.03515,-48.125749,"J. J. Wurdack"
"aspera",17,11,1948,-0.8583,-48.1417,"F.S. Meyer"
"barbigera",19,1,2005,-15.801111,-48.834722,"Freitas, A.L."
"bipenicillata",23,5,1997,-14.53,-54.51,"Meyer, F.S."
"bipenicillata",25,11,1992,5.96,-67.36,"Wurdack, J. J., (US), US (UNITED STATES)"
"bipenicillata",20,11,1985,8.916667,-71.683333,"C.A. Todzia, 2002 (TEX)"
"bipenicillata",18,11,1984,6.83,-66.5,"Todzia, C. A., (TEX), University of Texas Austin"
"bipenicillata",NA,NA,1984,6.83333,-66.5,"Carol A. Todzia"
"bipenicillata",28,10,1982,9.7,-69.533333,"J.J. Wurdack"
"bipenicillata",1,11,1982,9.42416,-69.50861,"J.J. wurdack"
"bipenicillata",9,11,1980,5.68,-67.18,"Todzia, C. A., (TEX), University of Texas Austin"
"bipenicillata",17,4,1978,5.85,-67.483333,"J.J. Wurdack"
"bipenicillata",8,12,1977,5.75,-67.5,"J. Wurdack"
"bipenicillata",8,12,1977,5.53,-67.53,"Todzia, C. A., (TEX), University of Texas Austin"
"bipenicillata",6,12,1975,8.540833,-81.157222,"C.A. Todzia, 2002 (TEX)"
"bipenicillata",1,11,1971,5.55,-67.59,"Wurdack, J. J., (US), US (UNITED STATES)"
"bipenicillata",20,2,1963,7.8,-80.75,"C.A. Todzia, 2002 (TEX)"
"bipenicillata",12,12,1955,6.03,-67.36,"Todzia, C. A., (TEX), University of Texas Austin"
"bipenicillata",13,10,1945,4.157558,-73.635531,"C. Todzia (LL, TEX)"
"catharinae",13,2,1993,5.1,-67.3,"Wurdack, J. J., (US), US (UNITED STATES)"
"catharinae",16,2,1993,4.98,-67.3,"Wurdack, J. J., (US), US (UNITED STATES)"
"catharinae",NA,9,1989,5.1,-67.4,"Wurdack, J. J., (US), US (UNITED STATES)"
"catharinae",20,9,1971,4.86,-67.45,"Wurdack, J. J., (US), US (UNITED STATES)"
"catharinae",31,1,1949,4.95,-67.4,"Wurdack, J. J., (US), US (UNITED STATES)"
"catharinae",12,12,1948,4.95,-67.4,"Wurdack, J. J., (US), US (UNITED STATES)"
"dissitiflora",21,3,1988,5.75,-66.05,"Wurdack, J. J., (US), US (UNITED STATES)"
"dissitiflora",16,10,1987,1.53333,-65.81666,"J. Wurdack"
"dissitiflora",17,10,1987,1.433333,-65.783333,"Carol A Todzia (TEX)"
"dissitiflora",17,10,1987,1.43,-65.78,"Todzia, C. A., (TEX), University of Texas Austin"
"dissitiflora",12,2,1985,0.908333,-66.04,"Wurdack, J.J."
"dissitiflora",12,2,1985,0.9,-66.04,"Todzia, C. A., (TEX), University of Texas Austin"
"dissitiflora",20,10,1985,5.91666,-66.38333,"J.J. Wurdack"
"dissitiflora",20,10,1985,5.91,-66.38,"Wurdack, J. J., (US), US (UNITED STATES)"
"dissitiflora",7,2,1984,0.86666,-66.08333,"Carol A. Todzia"
"dissitiflora",7,2,1984,0.88138,-66.08333,"J. Wurdack"
"dissitiflora",16,2,1984,0.9,-66.066667,"Carol A Todzia (TEX)"
"dissitiflora",7,2,1984,0.881389,-66.083333,"Wurdack, JJ"
"dissitiflora",18,4,1984,0.78333,-66.18333,"J.J.Wurdack (US)"
"dissitiflora",5,12,1972,1.5,-65.85,"Wurdack, J. J., (US), US (UNITED STATES)"
"dissitiflora",21,12,1957,0.98,-65.93,"Wurdack, J. J., (US), US (UNITED STATES)"
"dissitiflora",15,1,1954,7.1225,-66.16944,"Wurdack, J. J. (1956)"
"duidae",7,3,1991,4.41,-65.53,"Wurdack, J. J., (US), US (UNITED STATES)"
"duidae",20,11,1989,4.8,-64.53,"Wurdack, J. J., (US), US (UNITED STATES)"
"duidae",1,3,1985,3.83,-65.71,"Wurdack, J. J., (US), US (UNITED STATES)"
"duidae",14,2,1981,4.58333,-64.25,"Carol A. Todzia"
"duidae",14,2,1981,4.58,-64.25,"Wurdack, J. J., (US), US (UNITED STATES)"
"duidae",3,10,1979,4.51666,-65.58333,"Carol A. Todzia"
"duidae",29,1,1975,3.23,-65.56,"Wurdack, J. J., (US), US (UNITED STATES)"
"duidae",22,2,1974,4.81,-64.56,"Wurdack, J. J., (US), US (UNITED STATES)"
"duidae",24,2,1974,4.81,-64.56,"Wurdack, J. J., (US), US (UNITED STATES)"
"duidae",22,3,1967,4.75,-64.43,"Wurdack, J. J., (US), US (UNITED STATES)"
"duidae",2,2,1951,4.41,-65.83,"Todzia, C. A., (TEX), University of Texas Austin"
"edmundoi",8,7,2011,-6.050278,-50.126389,"Paulo Guimar„es"
"edmundoi",8,7,2011,-6.052778,-50.126389,"Guimar„es, P."
"edmundoi",11,6,1978,-6.641589,-51.97281,"F. S. Meyer"
"fraterna",2,2,1994,2.58333,-59.3667,"Wurdack, J. J., (US), US (UNITED STATES)"
"fraterna",30,5,1990,5.9,-61.0333,"Wurdack, J. J., (US), US (UNITED STATES)"
"fraterna",27,2,1987,5.46667,-60.0667,"Wurdack, J. J., (US), US (UNITED STATES)"
"fraterna",1,3,1987,5.46667,-60.0667,"Wurdack, J. J., (US), US (UNITED STATES)"
"fraterna",26,5,1986,5.85,-62.03333,"Carol A. Todzia"
"fraterna",26,5,1986,5.85,-62.03,"Wurdack, J. J., (US), US (UNITED STATES)"
"fraterna",17,2,1985,3.633333,-65.466667,"Carol A Todzia (TEX)"
"fraterna",1,3,1985,3.25,-65.71666,"Carol A Todzia (TEX)"
"fraterna",11,3,1985,3.58,-65.38,"Wurdack, J. J., (US), US (UNITED STATES)"
"fraterna",3,4,1985,5.66666,-61.5,"Carol A Todzia (TEX)"
"fraterna",18,2,1984,5.833333,-62.683333,"J. Wurdack"
"fraterna",27,8,1983,5.933333,-62.566667,"J. Wurdack"
"fraterna",13,10,1983,3.6,-65.38333,"Carol A. Todzia"
"fraterna",13,10,1983,3.6,-65.38,"Wurdack, J. J., (US), US (UNITED STATES)"
"fraterna",10,2,1982,3.83,-65.33,"Wurdack, J. J., (US), US (UNITED STATES)"
"fraterna",24,7,1982,5.08333,-61.11666,"Carol A Todzia (TEX)"
"fraterna",24,7,1982,5.08,-61.11,"Wurdack, J. J., (US), US (UNITED STATES)"
"fraterna",17,10,1981,5.91,-61,"Wurdack, J. J., (US), US (UNITED STATES)"
"fraterna",10,11,1979,5.95,-60.63,"Wurdack, J. J., (US), US (UNITED STATES)"
"fraterna",29,1,1975,3.16,-65.51,"Wurdack, J. J., (US), US (UNITED STATES)"
"fraterna",2,1,1964,5.93,-61.4,"Wurdack, J. J., (US), US (UNITED STATES)"
"fraterna",18,5,1964,5.91,-62.55,"Wurdack, J. J., (US), US (UNITED STATES)"
"fraterna",24,4,1960,5.05,-61.36,"Wurdack, J. J., (US), US (UNITED STATES)"
"fraterna",NA,1,1949,5.91,-62.53,"Wurdack, J. J., (US), US (UNITED STATES)"
"johnwurdackiana",18,3,2012,-16.065858,-50.178486,"Meyer, FS"
"johnwurdackiana",18,3,2012,-16.366667,-51.366389,"Ana Luiza Freitas Oliveira"
"johnwurdackiana",18,3,2012,-16.035709,-50.104255,"Meyer, F.S."
"johnwurdackiana",7,2,1980,-16.066667,-50.183333,"Guimar„es, PJF"
"johnwurdackiana",18,1,1966,-14,-50,"C.A. Todzia"
"kunhardtii",NA,9,1989,5.08,-67.31,"Wurdack, J. J., (US), US (UNITED STATES)"
"kunhardtii",12,12,1948,4.95,-67.4,"Wurdack, J. J., (US), US (UNITED STATES)"
"llanorum",21,5,1994,-13.65388,-60.83111,"J.J. Wurdack (US)"
"llanorum",25,5,1994,-13.55083,-61.05861,"J.J. Wurdack (US)"
"llanorum",30,5,1994,-13.55083,-61.05861,"J.J. Wurdack (US)"
"llanorum",NA,11,1988,6.66,-65.71,"Wurdack, J. J., (US), US (UNITED STATES)"
"llanorum",8,9,1985,6.28333,-67.08333,"Carol A. Todzia"
"llanorum",8,9,1985,6.28,-67.08,"Wurdack, J. J., (US), US (UNITED STATES)"
"llanorum",18,11,1984,6.83333,-66.5,"Carol A. Todzia"
"llanorum",NA,NA,1984,-13.08333,-67.25,"J.j. Wurdack"
"llanorum",3,11,1982,9.30833,-69.7,"Carol A. Todzia"
"llanorum",9,10,1979,5.53,-65.95,"Todzia, C. A., (TEX), University of Texas Austin"
"llanorum",5,1,1956,6.44,-67.12,"Todzia, C. A., (TEX), University of Texas Austin"
"llanorum",NA,NA,NA,-13.6,-61,"J. Wurdack"
"mathaei",NA,12,1960,-6.08333,-77.15,"Carol A. Todzia (TEX)"
"melastomoides",10,3,2015,-12.348,-46.338,"Freitas, A.L."
"melastomoides",21,7,2014,-16.403053,-49.252211,"Meyer, FS"
"melastomoides",25,7,2014,-13.65,-47.819167,"Freitas-Oliveira, AL; Rodrigues, JL"
"melastomoides",21,3,2012,-14.120864,-47.653017,"Meyer, FS"
"melastomoides",20,3,2012,-14.179722,-47.842222,"Paulo Guimar„es"
"melastomoides",19,2,2009,-14.185556,-47.626944,"Meyer, FS"
"melastomoides",15,5,2006,-15.798889,-48.818611,"Romero, R"
"melastomoides",15,5,2006,-15.798889,-48.818611,"Romero, R."
"melastomoides",17,10,2006,-14.235278,-47.905833,"Freitas, A.L."
"melastomoides",20,5,2004,-13.823083,-47.457639,"Guimar„es, PJF"
"melastomoides",18,4,2002,-13.3775,-48.050277,"A. L. Freitas"
"melastomoides",18,4,2002,-13.3775,-48.050278,"Freitas, A.L."
"melastomoides",8,5,2001,-10.55,-46.75,"Guimar„es, PJF"
"melastomoides",6,11,1999,-7.357222,-48.372222,"P. Guimar„es"
"melastomoides",7,7,1997,-13.71889,-48.29944,"P. J. F. Guimar„es"
"melastomoides",13,4,1996,-14.488611,-48.557222,"Ana Luiza Freitas Oliveira"
"melastomoides",11,9,1996,-14.161111,-47.790833,"Freitas, AL"
"melastomoides",21,7,1995,-13.966667,-48.3,"Meyer, FS"
"melastomoides",7,9,1995,-13.662222,-48.268055,"P. J. F. Guimar„es"
"melastomoides",13,4,1994,-10.283333,-48.216667,"Guimar„es, P"
"melastomoides",13,4,1992,-14.35,-48.2,"P. J. F. Guimar„es"
"melastomoides",8,7,1992,-14.63333,-48.96667,"P. J. F. Guimar„es"
"melastomoides",5,8,1992,-14.45,-49.08333,"P. J. F. Guimar„es"
"melastomoides",12,10,1992,-14.36667,-48.2,"P. J. F. Guimar„es"
"melastomoides",9,7,1991,-15.55,-48.25,"P. J. F. Guimar„es"
"melastomoides",11,10,1991,-13.566666,-48.166667,"P. J. F. Guimar„es"
"melastomoides",21,6,1990,-14.32,-48.4,"Meyer, F.S."
"melastomoides",10,9,1982,-15.533333,-47.55,"Freitas, AL"
"melastomoides",21,4,1978,-11.433333,-47.566667,"Ana Luiza Freitas Oliveira"
"melastomoides",8,3,1969,-13.7975,-47.4583,"Freitas, AL"
"melastomoides",8,3,1969,-13.86327,-47.5,"J. J. Wurdack"
"melastomoides",NA,NA,NA,-10.77306,-53.08972,"Todzia, C. A. (2002)"
"nigricans",27,11,2014,-14.131111,-47.669167,"Meyer, F.S."
"nigricans",21,3,2012,-14.143056,-47.703056,"Ana Luzia Freitas Oliveira"
"papyrus",18,3,2012,-16.065858,-50.178486,"Meyer, FS"
"papyrus",18,3,2012,-16.035709,-50.104255,"Meyer, F.S."
"papyrus",15,3,2002,-15.8025,-48.847222,"Freitas, AL"
"papyrus",27,10,1997,-16.1306220867293,-50.2156233906965,"V. L. Gomes-Klein; E. F. Guimar„es"
"papyrus",9,2,1988,-15.95,-50.033333,"Wurdack, JJ"
"papyrus",9,2,1988,-15.95,-50.03,"P. J. F. Guimar„es"
"papyrus",9,2,1988,-15.95,-50.03,"Guimar„es, P.J.F."
"papyrus",9,12,1988,-14.159167,-47.785278,"Freitas, AL"
"papyrus",18,1,1972,-15.85,-48.78195,"C. A. Todzia"
"papyrus",19,1,1966,-14.000618,-50.000564,"Carol A. Todzia"
"papyrus",19,1,1966,-16.0611,-50.00122,"J. J. Wurdack"
"verticillaris",18,3,2012,-16.065858,-50.178486,"Meyer, FS"
"verticillaris",18,3,2012,-16.035709,-50.104255,"Meyer, F.S."
"verticillaris",4,3,2011,-9.69,-52.606,"Meyer, F. S."
"verticillaris",23,3,2010,-8.807778,-49.082778,"Meyer, FS"
"verticillaris",17,3,2010,-10.916944,-49.630556,"P. Guimar„es"
"verticillaris",20,4,2005,-15.030833,-56.362222,"J.G.Freitas & P.Guimar„es"
"verticillaris",18,2,2003,-14.396,-46.572917,"Freitas, AL"
"verticillaris",1,1,2001,-13.81667,-48.43333,"P. J. F. Guimar„es"
"verticillaris",25,1,2001,-13.5425,-48.000556,"P. Guimar„es"
"verticillaris",20,2,2001,-13.417222,-47.080278,"Freitas, AL"
"verticillaris",9,2,2000,-15.8106,-54.9178,"Guimar„es, PJF"
"verticillaris",10,3,1998,-7.583333,-46.833333,"Meyer, F.S."
"verticillaris",10,3,1998,-7.583333,-46.083333,"Meyer, FS"
"verticillaris",22,3,1997,-11.698,-51.428,"Meyer, F. S."
"verticillaris",14,3,1997,-11.575,-50.977,"Meyer, F. S."
"verticillaris",14,3,1997,-11.3431,-50.5837,"Meyer, F.S."
"verticillaris",NA,11,1997,-12.85,-49.1,"Guimar„es, PJF"
"verticillaris",21,7,1995,-13.586111,-48.3125,"P. J. F. Guimar„es"
"verticillaris",18,3,1994,-10.253611,-48.095833,"Guimar„es, P"
"verticillaris",14,11,1993,-17.366667,-52.166667,"Guimar„es, P"
"verticillaris",9,3,1992,-13.466666,-48.383333,"P. J. F. Guimar„es"
"verticillaris",6,1,1984,-16,-50.133333,"Guimar„es, PJF"
"verticillaris",31,1,1980,-3.416667,-48.62,"Todzia, C.A."
"verticillaris",31,1,1980,-14.568,-49.51,"Carol A. Todzia"
"verticillaris",31,1,1980,-8.5006,-48.6008,"C. A. Todzia"
"verticillaris",10,2,1980,-15.916667,-50.15,"Wurdack, J.J."
"verticillaris",27,2,1980,-6.816667,-47.82,"Todzia, C.A."
"verticillaris",10,2,1980,-15.92,-50.15,"Wurdack, J.J."
"verticillaris",10,2,1980,-15.916667,-50.15,"Guimar„es, PJF"
"verticillaris",27,2,1980,-6.82,-47.82,"C. A. Todzia"
"verticillaris",10,2,1980,-15.92,-50.15,"J. J. Wurdack"
"verticillaris",4,3,1978,-13.65,-48.416667,"ANA LUIZA FREITAS"
"verticillaris",13,1,1977,-14.733333,-52.333333,"Guimar„es, PJF"
"verticillaris",28,1,1976,-17.716667,-48.366667,"C. A. Todzia"
"verticillaris",3,3,1973,-14.116667,-47.516667,"Freitas, AL"
"verticillaris",11,3,1973,-13.273667550479,-47.2204212748853,"J. J. Wurdack"
"verticillaris",13,3,1973,-13.4736720780612,-47.2304222730263,"J. J. Wurdack"
"verticillaris",11,3,1973,-13.4536716251006,-47.2304222379731,"C. A. Todzia"
"verticillaris",13,4,1973,-18.03476,-43.3833,"J. J. Wurdack"
"verticillaris",24,1,1972,-14.54942,-48.45,"C. A. Todzia"
"verticillaris",19,1,1972,-15.85,-48.75395,"C. A. Todzia"
"verticillaris",25,1,1970,-17.84727,-47.61584,"C. A. Todzia"
"verticillaris",8,2,1969,-12.9,-51.87,"Wurdack, J.J."
"verticillaris",8,2,1969,-12.9,-51.866667,"Guimar„es, PJF"
"verticillaris",28,12,1969,-10.166667,-48.883333,"Meyer, FS"
"verticillaris",14,1,1968,-15.85,-52.25,"Wurdack, J.J."
"verticillaris",13,1,1968,-15.8,-48.77,"C. A. Todzia"
"verticillaris",14,1,1968,-15.85,-52.25,"J. J. Wurdack"
"verticillaris",18,3,1968,-8.93,-48.52,"F. S. Meyer"
"verticillaris",10,4,1968,-12.9,-51.87,"Meyer, F.S."
"verticillaris",10,4,1968,-12.9,-51.866667,"Guimar„es, PJF"
"verticillaris",10,4,1968,-12.9,-51.866667,"P. Guimar„es"
"verticillaris",15,11,1968,-14.666667,-52.35,"Guimar„es, PJF"
"verticillaris",5,12,1967,-12.32,-51.77,"Meyer, F.S."
"verticillaris",5,12,1967,-12.816667,-51.766667,"Guimar„es, PJF"
"verticillaris",21,1,1966,-16.15922,-50.1333,"J. J. Wurdack"
"verticillaris",NA,NA,NA,-10.773109,-53.08982,"John Julius Wurdack"
"verticillaris",NA,NA,NA,-6.616667,-45.883333,"Guimar„es, P."
"verticillaris",NA,NA,NA,-14.4739,-48.4597,"Guimar„es, PJF"
"rosanae",10,3,2011,-9.756,-52.635,"Meyer, F. S."
"rosanae",10,3,2011,-9.753,-52.632,"Meyer, F. S."
"exasperata",21,7,2014,-15.841099,-48.746796,"Meyer, F.S."
"huberi",24,11,1989,5.66,-65.13,"Wurdack, J. J., (US), US (UNITED STATES)"
"huberi",28,3,1988,5.55,-65.21,"Wurdack, J. J., (US), US (UNITED STATES)"
"huberi",NA,2,1962,6,-65.71,"Wurdack, J. J., (US), US (UNITED STATES)"
"pogonanthera",14,4,2006,-15.85,-52.267,"Meyer, F. S."
"pogonanthera",25,1,2001,-13.529444,-48.0675,"Guimar„es, P"
"pogonanthera",25,1,2001,-13.529444,-48.0675,"Guimar„es, P."
"pogonanthera",20,2,2001,-13.417222,-48.080278,"Guimar„es, P"
"pogonanthera",20,2,2001,-13.417222,-48.080278,"Guimar„es, P."
"pogonanthera",8,5,2001,-10.55,-46.75,"P. J. F. Guimar„es"
"pogonanthera",8,2,1980,-0.416667,-48.616667,"Wurdack, J.J."
"spruceana",8,3,1987,5.68333,-66.15,"Carol A Todzia (TEX)"
"spruceana",27,2,1985,5.25,-67.9,"Carol A. Todzia (LL, TEX)"
"spruceana",27,2,1985,5.25,-67.9,"Wurdack, J."
"spruceana",6,10,1983,4.91,-67.71,"Wurdack, J. J., (US), US (UNITED STATES)"
"spruceana",4,8,1982,6.41666,-67.41666,"Carol A. Todzia"
"spruceana",30,6,1979,-0.583333,-64.67,"Wurdack, J.J."
"spruceana",22,6,1979,-16.166667,-49.433333,"Wurdack, JJ"
"spruceana",17,6,1979,-16.166667,-49.433333,"Wurdack, JJ"
"spruceana",29,6,1979,0.58333,-64.66666,"Carol A. Todzia"
"spruceana",29,6,1979,-0.583333,-64.666667,"Wurdack, J.J."
"spruceana",26,1,1978,-10.651944,-65.464722,"C. Todzia (TEX)"
"spruceana",13,10,1977,5.3,-66.03,"Wurdack, J. J., (US), US (UNITED STATES)"
"spruceana",22,2,1974,4.81,-64.56,"Wurdack, J. J., (US), US (UNITED STATES)"
"spruceana",NA,9,1972,-11.8311,-53.4231,"J. J. Wurdack"
"spruceana",NA,3,1970,5.1,-67.8,"Wurdack, J. J., (US), US (UNITED STATES)"
"spruceana",NA,1,1969,3.16,-65.55,"Wurdack, J. J., (US), US (UNITED STATES)"
"spruceana",6,7,1969,5.65,-67.63,"Wurdack, J. J., (US), US (UNITED STATES)"
"spruceana",25,3,1953,3.16,-65.55,"Wurdack, J. J., (US), US (UNITED STATES)"
"spruceana",NA,4,1931,3.75,-66.8,"Wurdack, J. J., (US), US (UNITED STATES)"
"spruceana",NA,NA,NA,4.91666,-67.71666,"Carol A. Todzia"
"spruceana",NA,NA,NA,4.98333,-67.71666,"Carol A. Todzia"
"spruceana",NA,NA,NA,5.25,-67.9,"Wurdack, J."
"steyermarkii",20,11,1989,4.8,-64.53,"Guimaraes, P."
"steyermarkii",13,2,1974,4.69,-64.22,"Wurdack, J. J., (US), US (UNITED STATES)"
"striphnocalyx",NA,10,1989,3.51,-67.36,"Wurdack, J. J., (US), US (UNITED STATES)"
"striphnocalyx",NA,11,1989,3.66,-66.86,"Wurdack, J. J., (US), US (UNITED STATES)"
"striphnocalyx",NA,11,1989,3.2,-67.4,"Wurdack, J. J., (US), US (UNITED STATES)"
"striphnocalyx",10,1,1988,3.916667,-67.566667,"J.J. Wurdack"
"striphnocalyx",10,1,1988,3.93,-67.58,"Wurdack, J. J., (US), US (UNITED STATES)"
"striphnocalyx",14,2,1984,0.83333,-66.11666,"J.J. Wurdack"
"striphnocalyx",14,2,1984,0.83,-66.11,"Wurdack, J. J., (US), US (UNITED STATES)"
"striphnocalyx",25,4,1984,0.833333,-66.083333,"J.J.Wurdack (US)"
"striphnocalyx",26,4,1984,0.833333,-66.116667,"J.J. Wurdack"
"striphnocalyx",25,4,1984,0.83,-66.08,"Wurdack, J. J., (US), US (UNITED STATES)"
"striphnocalyx",15,7,1984,0.846667,-66.091667,"J.J. Wurdack"
"striphnocalyx",25,11,1984,1.83333,-66.91666,"J.J. Wurdack"
"striphnocalyx",10,11,1984,4.86,-67.45,"Wurdack, J. J., (US), US (UNITED STATES)"
"striphnocalyx",22,4,1979,1.91666,-67.06666,"J.J. Wurdack"
"striphnocalyx",23,4,1979,1.91666,-67.05,"J.J. Wurdack"
"striphnocalyx",9,3,1978,1.933333,-67.05,"J. Wurdack"
"striphnocalyx",13,11,1977,1.91666,-67.05,"J.J. Wurdack"
"striphnocalyx",13,11,1977,1.91666,-67.08333,"J.J. Wurdack"
"striphnocalyx",24,4,1974,1.933333,-67.033333,"Wurdack, JJ"
"striphnocalyx",20,4,1970,2.75,-67.55,"Wurdack, J. J., (US), US (UNITED STATES)"
"striphnocalyx",20,11,1953,1.7,-66.76,"Wurdack, J. J., (US), US (UNITED STATES)"
"barbigera",27,5,2015,-14.473611,-55.680556,"Guimar„es, E.F. & Mendes, T.S."
"barbigera",18,3,2012,-16.035709,-50.104255,"Meyer, F.S."
"barbigera",19,2,2010,-16.851944,-49.239167,"A.L.Freitas"
"barbigera",3,4,2009,-18.606389,-48.303611,"Freitas, A.L."
"barbigera",4,1,2007,-15.923333,-49.231667,"Freitas, A.L."
"barbigera",10,2,2006,-15.85,-52.267,"Meyer, F.S."
"barbigera",30,3,2005,-16.536889,-49.286111,"Freitas, AL"
"barbigera",29,3,2005,-16.518806,-49.146111,"Freitas, AL"
"barbigera",NA,3,2005,-16.518806,-49.146111,"Guimar„es, PJF"
"barbigera",22,4,2005,-15.490556,-57.195556,"J.G.Freitas & P.Guimar„es"
"barbigera",12,3,2004,-13.648056,-46.596111,"Freitas, A.L."
"barbigera",20,1,2001,-13.529444,-47.0675,"Freitas, AL"
"barbigera",17,7,2000,-11.660833,-47.706667,"Meyer, FS"
"barbigera",28,3,1997,-13.618,-53.292,"Meyer, F. S."
"barbigera",23,3,1997,-13.908,-52.078,"Meyer, F. S."
"barbigera",26,3,1997,-15.0535,-52.2582,"Meyer, F.S."
"barbigera",25,3,1997,-15.0535,-52.2582,"Meyer, F.S."
"barbigera",20,5,1997,-14.617,-56.583,"Meyer, F. S."
"barbigera",24,5,1997,-14.35,-55.57,"Meyer, F.S."
"barbigera",14,6,1997,-13.866667,-56.533333,"Meyer, FS"
"barbigera",9,6,1997,-12.634444,-56.335,"Meyer, F.S."
"barbigera",14,6,1997,-13.51,-56.29,"Meyer, F.S."
"barbigera",14,6,1997,-13.52,-56.32,"Meyer, F.S."
"barbigera",3,8,1997,-6.666667,-44.7,"Guimar„es, PJF"
"barbigera",21,3,1994,-10.124444,-48.270556,"Guimar„es, P"
"barbigera",18,4,1988,-14.85,-48.87,"Wurdack, J.J."
"barbigera",18,4,1988,-14.85,-48.86666,"J. Wurdack"
"barbigera",18,4,1988,-14.85,-48.87,"J. J. Wurdack"
"barbigera",25,2,1987,-17.833333,-55.333333,"Guimar„es, PJF"
"barbigera",10,2,1986,-16.6786,-49.2539,"Freitas, AL"
"barbigera",8,4,1986,-16.033333,-62.083333,"J.J. Wurdack"
"barbigera",22,5,1982,-6.06666,-50.13333,"J. Wurdack"
"barbigera",31,1,1980,-0.333333,-48.333333,"Wurdack, J.J."
"barbigera",8,2,1980,-8.05,-50.17,"Todzia, C.A."
"barbigera",13,2,1980,-8.05,-50.17,"Todzia, C.A."
"barbigera",8,2,1980,-8.072222,-50.181944,"Carol A. Todzia"
"barbigera",27,2,1980,-6.816667,-47.816667,"Carol a. Todzia"
"barbigera",28,3,1980,-15.7834208090807,-47.9298726661488,"J. J. Wurdack"
"barbigera",31,3,1980,-15.7834208090807,-47.9298726661488,"J. J. Wurdack"
"barbigera",2,2,1979,-15.6489,-56.195,"C. A. Todzia"
"barbigera",NA,7,1978,-14.4122647873905,-56.4468180174412,"C. A. Todzia"
"barbigera",2,3,1977,-16.17,-59.42,"J. J. Wurdack"
"barbigera",13,4,1977,-15.59167,-47.70833,"P. J. F. Guimar„es"
"barbigera",29,4,1973,-17.1278,-51.8167,"J. J. Wurdack"
"barbigera",5,5,1973,-15.77955,-51.9912,"J. J. Wurdack"
"barbigera",18,5,1973,-15.5997895735814,-56.0977014111779,"J. J. Wurdack"
"barbigera",13,4,1972,-20.4748760783427,-55.7879090641848,"J. J. Wurdack"
"barbigera",1,4,1968,-14.63,-52.23,"Wurdack, J.J."
"barbigera",1,4,1968,-14.63,-52.23,"J. J. Wurdack"
"barbigera",2,4,1968,-14.63,-52.23,"J. J. Wurdack"
"barbigera",25,5,1968,-12.9,-51.866667,"Guimar„es, PJF"
"barbigera",25,5,1968,-12.9,-51.87,"J. J. Wurdack"
"barbigera",7,5,1968,-12.9455499691,-51.8249179961806,"J. J. Wurdack"
"barbigera",5,3,1966,-16.8270387160443,-49.2444618080405,"J. J. Wurdack"
"barbigera",25,5,1966,-14.13,-52.15,"J. J. Wurdack"
"barbigera",26,6,1966,-17.25,-51.8,"J. J. Wurdack"
"barbigera",5,6,1966,-14.03,-52.12,"J. J. Wurdack"
"barbigera",8,6,1966,-14.6667,-52.33,"J. J. Wurdack"
"barbigera",1,6,1966,-13.92,-52.08,"J. J. Wurdack"
"barbigera",12,8,1963,-9.83938229365265,-48.7258127080231,"C. A. Todzia"
"barbigera",22,5,1956,-13.75,-48.83,"J. J. Wurdack"
"barbigera",1,6,1950,-7.33661711060559,-47.4696293562447,"J. J. Wurdack"
"barbigera",NA,NA,NA,-12.82,-51.77,"Wurdack, J.J."
NA,9,10,2010,-25.825,-49.347278,"Meyer, F.S."
NA,14,2,2010,-25.360972,-49.130389,"Meyer, F.S."
NA,7,1,2012,-25.470528,-49.65,"Meyer, F.S."
NA,1,10,2011,-25.776222,-49.699861,"Meyer, F.S."
NA,22,12,2011,-25.372306,-49.129806,"Meyer, F.S."
NA,16,8,2012,-24.589278,-50.248861,"Meyer, F.S."
NA,12,12,2006,-25.202944,-49.943917,"Meyer, F.S."
NA,22,8,2010,-25.929722,-48.591389,"Meyer, F.S."
NA,3,7,2010,-25.515806,-48.987056,"Meyer, F.S."
NA,12,4,2008,-26.978056,-50.004167,"Meyer, F.S."
NA,4,10,1987,-10.733333,-65.25,"Wurdack, J.J."
NA,23,10,1985,-15.866667,-55.383333,"Wurdack, J.J."
NA,0,NA,1842,-12.18305556,-41.99722222,"Wurdack, J. J."
NA,0,NA,1842,-22.3833333,-42.5,"Guimaraes, P."
NA,24,10,1994,-9.25,-36.41666667,"Schmitz Meyer, F."
NA,NA,NA,NA,-10.77305556,-53.08972222,"Todzia, C. A."
NA,NA,NA,NA,-22.4333333,-43,"Guimaraes, P."
NA,0,NA,1834,-12.18305556,-41.99722222,"Guimaraes, P."
NA,0,NA,1882,-22.48222222,-42.9125,"Guimaraes, P."
NA,1,1,2006,-19.454361,-43.969944,"P. Guimar√£es"
NA,29,3,1980,-1.05,-48.116667,"Wurdack, J.J."
NA,26,3,1986,-1.083333,-53.166667,"Wurdack, J.J."
NA,25,8,1987,1.3,-60.583333,"Wurdack, J.J."
NA,22,3,1992,-8.266667,-72.783333,"Todzia, C.A."
NA,4,8,1986,-2.666667,-60.333333,"Wurdack, J.J."
NA,15,8,1987,2.883333,-54.066667,"Wurdack, J.J."
NA,12,1,1969,2.416667,-60.183333,"Wurdack, J.J."
NA,8,2,1980,-8.05,-50.166667,"Todzia, C.A."
NA,13,2,1980,-8.05,-50.166667,"Todzia, C.A."
NA,19,7,1982,-16.3,-67.9,"Wurdack, J.J."
NA,30,8,1983,-15.8,-48,"Guimar√£es, P."
NA,22,4,1982,-16.083333,-68.05,"Wurdack, J.J."
NA,3,2,1984,1.533333,-62.8,"Wurdack, J.J."
NA,12,2,1985,0.908333,-66.041667,"Wurdack, J.J."
NA,28,11,1982,-3.333333,-64.733333,"Guimar√£es, P."
NA,18,5,1982,-15.766667,-47.733333,"Guimar√£es, P."
NA,23,2,1986,-0.283333,-78.633333,"Wurdack, J.J."
NA,26,6,1987,-0.05,-78.583333,"Todzia, C.A."
NA,30,6,1979,-0.583333,-64.666667,"Wurdack, J.J."
NA,7,6,1984,-12.216667,-61.016667,"Wurdack, J.J."
NA,5,5,1982,-15.733333,-48.083333,"Wurdack, J.J."
NA,6,4,1983,-15.733333,-47.733333,"Wurdack, J.J."
NA,9,5,1983,-15.666667,-47.666667,"Wurdack, J.J."
NA,18,4,1983,-15.633333,-47.616667,"Guimar√£es, P."
NA,19,4,1983,-15.583333,-47.916667,"Wurdack, J.J."
NA,31,1,1980,-3.416667,-48.616667,"Todzia, C.A."
NA,10,2,1980,-15.916667,-50.15,"Wurdack, J.J."
NA,27,2,1980,-6.816667,-47.816667,"Todzia, C.A."
NA,13,1,2010,-20.470639,-41.830806,"A.L. Freitas"
NA,NA,NA,NA,-17.766667,-48.666667,"Romero, R."
NA,5,12,2002,-20.335,-46.812778,"Romero, R."
NA,6,12,2002,-20.3425,-46.767222,"Romero, R."
NA,4,2,1987,-16.766667,-47.616667,"Wurdack, J.J."
NA,13,3,2003,-20.4425,-46.767222,"Romero, R."
NA,22,6,1998,-20,-46.25,"Romero, R."
NA,14,9,2004,-20.331389,-46.7925,"Freitas, A.L."
NA,18,10,2000,-18.1125,-43.340833,"Romero, R."
NA,9,7,2001,-17.69,-44.198333,"Freitas, A.L."
NA,NA,NA,NA,-21.472778,-44.352778,"Romero, R."
NA,31,7,2015,-21.728333,-44.961944,"Romero, R."
NA,10,11,2003,-21.955556,-43.978333,"Freitas, A.L."
NA,4,11,1985,-19.816667,-43.666667,"Romero, R."
NA,23,3,2001,-20.468333,-43.521389,"Romero, R."
NA,22,3,2001,-20.0975,-43.954722,"Romero, R."
NA,27,3,2001,-19.823333,-43.685556,"Romero, R."
NA,23,11,2002,-20.504444,-43.668056,"Romero, R."
NA,9,12,2002,-20.506389,-43.631111,"Romero, R."
NA,11,1,1996,-19.823333,-43.686667,"Freitas, A.L."
NA,NA,NA,NA,-19.166667,-43.5,"Freitas, A.L."
NA,28,3,2001,-18.693611,-43.458333,"Guimar√£es, P.J.F."
NA,28,6,2008,-21.961667,-46.369444,"Guimar√£es, P.J.F."
NA,30,6,2007,-21.977778,-43.875,"Freitas, A.L."
NA,29,3,2003,-20.495278,-43.695833,"Romero, R."
NA,25,2,2003,-20.3025,-43.316389,"Freitas, A.L."
NA,13,5,1998,-20.408056,-43.506944,"Romero, R."
NA,17,5,2003,-20.482222,-43.719722,"Romero, R."
NA,8,4,1999,-20.25,-43.95,"Romero, R."
NA,25,3,2001,-20.462778,-43.541111,"Romero, R."
NA,21,1,2003,-20.493889,-43.681111,"Freitas, A.L."
NA,15,2,2006,-20.604444,-46.230833,"Romero, R."
NA,17,2,2006,-20.633889,-46.264722,"Romero, R."
NA,7,4,1998,-18.401667,-43.317222,"Freitas, A.L."
NA,27,2,2002,-19.206944,-43.498889,"Freitas, A.L."
NA,13,2,2001,-18.250278,-43.652222,"Freitas, A.L."
NA,28,2,2003,-20.481944,-43.720833,"Romero, R."
NA,16,8,2002,-19.100833,-48.126667,"Freitas, A.L."
NA,6,4,1999,-19.866667,-43.966667,"Romero, R."
NA,4,6,1986,-19.816667,-43.666667,"Romero, R."
NA,9,8,2002,-19.885556,-43.436389,"Freitas, A.L."
NA,14,5,2003,-20.281111,-46.871111,"Romero, R."
NA,26,10,2006,-20.598611,-46.2925,"Romero, R."
NA,1,3,2008,-21.94,-43.824167,"Romero, R."
NA,15,2,2007,-21.965833,-43.841389,"Romero, R."
NA,25,2,2002,-18.216944,-43.593611,"Freitas, A.L."
NA,12,1,2003,-20.491667,-43.701944,"Freitas, A.L."
NA,20,2,2002,-20.369167,-43.508611,"Freitas, A.L."
NA,11,1,1996,-19.823889,-43.671944,"Freitas, A.L."
NA,5,4,1998,-18.25,-43.674722,"Freitas, A.L."
NA,10,7,2001,-17.702222,-44.296111,"Freitas, A.L."
NA,20,12,2004,-16.853611,-43.032778,"Guimar√£es, P."
NA,28,4,1985,-19.816667,-43.666667,"Freitas, A.L."
NA,NA,NA,NA,-18.283333,-43.616667,"Romero, R."
NA,14,2,2001,-20.702778,-42.475278,"Romero, R."
NA,20,1,2016,-21.710833,-44.926389,"Romero, R."
NA,14,10,2000,-22.686944,-45.970833,"Freitas, A.L."
NA,24,3,2001,-20.4275,-43.474167,"Guimar√£es, P.J.F."
NA,20,3,2001,-19.553889,-46.774167,"Romero, R."
NA,17,4,2015,-21.725,-44.981389,"Meyer, F.S."
NA,31,3,2001,-18.300278,-43.814167,"Guimar√£es, P.J.F."
NA,24,3,2001,-20.431944,-43.489722,"Guimar√£es, P.J.F."
NA,14,12,2010,-27.451111,-48.508056,"Meyer, FS"
NA,10,3,2009,-26.305833,-51.593056,"Meyer, FS"
NA,6,4,2009,-28.126667,-49.480028,"Meyer, FS"
NA,8,2,2002,-27.056667,-49.087778,"Meyer, FS"
NA,17,3,2010,-28.169444,-48.870278,"Meyer, FS"
NA,11,3,2010,-26.910278,-49.500278,"Meyer, FS"
NA,23,11,2009,-28.71,-49.77,"Meyer, FS"
NA,17,11,2009,-26.28,-48.961944,"Meyer, FS"
NA,16,6,2000,-26.9215,-49.071833,"Meyer, FS"
NA,18,12,2006,-27.05,-49.149167,"Meyer, FS"
NA,17,1,2008,-26.459806,-49.590444,"Meyer, FS"
NA,27,1,2008,-26.731833,-51.118889,"Meyer, FS"
NA,13,12,2007,-26.550056,-49.680083,"Meyer, FS"
NA,6,4,2009,-28.015833,-49.371389,"Meyer, FS"
NA,29,5,2009,-27.81,-48.866944,"Meyer, FS"
NA,11,10,2009,-27.174167,-49.302222,"Meyer, FS"
NA,3,2,2001,-27.024889,-49.132889,"Meyer, FS"
NA,16,12,2008,-27.54,-51.48,"Meyer, FS"
NA,6,2,2015,-25.382778,-51.510833,"Meyer, FS"
NA,22,4,2016,-26.243354,-49.534356,"Meyer, FS"
NA,3,10,2006,-26.9055,-49.079139,"Meyer, FS"
NA,22,9,2006,-26.9055,-49.079139,"Meyer, FS"
NA,19,10,1999,-26.9055,-49.079139,"Meyer, FS"
NA,25,9,2006,-26.9055,-49.079139,"Meyer, FS"
NA,21,4,2007,-24.251111,-49.705833,"Meyer, FS"
NA,23,1,2016,-26.682314,-49.838636,"Meyer, FS"
NA,20,2,2010,-27.63,-48.87,"Meyer, FS"
NA,28,2,2011,-26.46,-49.5,"Guimar√£es, P"
NA,28,2,2011,-26.64,-49.68,"Guimar√£es, P"
NA,18,11,2006,-24.217306,-49.696583,"Meyer, FS"
NA,15,10,2009,-26.999444,-48.960278,"Meyer, FS"
NA,18,11,1998,-26.9055,-49.079139,"Meyer, FS"
NA,15,1,2009,-27.625861,-48.884111,"Meyer, FS"
NA,12,8,2007,-27.17375,-49.215139,"Meyer, FS"
NA,12,10,2007,-27.120278,-49.25475,"Meyer, FS"
NA,12,4,2008,-26.978056,-50.004167,"Meyer, FS"
NA,30,3,2007,-26.323611,-49.307222,"Meyer, FS"
NA,12,2,2008,-27.334528,-49.94225,"Meyer, FS"
NA,9,2,1996,-26.9215,-49.071833,"Meyer, FS"
NA,25,11,2009,-26.37,-48.87,"Meyer, FS"
NA,16,9,2009,-25.998889,-48.764722,"Meyer, FS"
NA,12,1,2006,-25.441972,-49.238944,"Meyer, FS"
NA,1,4,1997,-26.828472,-49.9875,"Meyer, FS"
NA,18,12,2005,-26.305278,-48.806944,"Meyer, FS"
NA,2,11,2008,-25.127139,-48.822389,"Meyer, FS"
NA,13,12,2008,-27.723333,-51.212222,"Meyer, FS"
NA,24,1,2009,-27.902222,-51.033611,"Meyer, FS"
NA,19,2,2008,-27.359222,-50.580806,"Meyer, FS"
NA,5,11,2009,-27.450278,-49.230556,"Meyer, FS"
NA,21,10,2009,-27.360556,-49.410556,"Meyer, FS"
NA,1,2,1993,-27.114167,-49.209167,"Meyer, FS"
NA,30,3,2007,-26.250556,-49.378611,"Meyer, FS"
NA,10,10,2009,-26.73,-48.694444,"Meyer, FS"
NA,2,11,2008,-25.553611,-48.388056,"Meyer, FS"
NA,14,12,1990,-26.9055,-49.079139,"Meyer, FS"
NA,9,12,2010,-28.805,-49.218056,"Meyer, FS"
NA,7,12,2010,-28.890278,-49.320833,"Meyer, FS"
NA,2,12,2010,-27.904722,-48.599444,"Meyer, FS"
NA,NA,NA,NA,-19.690239,-44.096503,"John Julius Wurdack; b.1921; d.1988; Wurdack, J.J."
NA,NA,NA,NA,-15.883333,-49.675,"John Julius Wurdack; b.1921; d.1988; Wurdack, J.J."
NA,NA,2,1840,-15.883333,-49.675,"John Julius Wurdack; b.1921; d.1988; Wurdack, J.J."
NA,NA,NA,NA,-10.773109,-53.08982,"John Julius Wurdack; b.1921; d.1988; Wurdack, J.J."
NA,22,3,2001,-2.0153055556,-4.60325,"Guimar√£es, P."
NA,11,2,1975,-15.5961,-56.0967,"C. A. Todzia"
NA,18,3,1968,-8.93,-48.52,"C. A. Todzia"
NA,20,1,1969,-18.37,-43.7,"J. J. Wurdack"
NA,21,1,1969,-18.358,-43.6836,"J. J. Wurdack"
NA,23,1,1969,-18.27,-43.7,"J. J. Wurdack"
NA,8,3,1969,-13.86327,-47.5,"J. J. Wurdack"
NA,20,3,1970,-18.17235,-43.5611111,"J. J. Wurdack"
NA,14,10,1985,-10.17,-51.23,"J. J. Wurdack"
NA,19,4,1983,-9.58,-54.92,"C. A. Todzia"
NA,12,8,1960,-18.348,-43.6719,"J. J. Wurdack"
NA,2,8,1998,-16.5517,-42.895,"C. A. Todzia"
NA,1,12,1988,-13.7767,-47.2644,"J. J. Wurdack"
NA,22,10,1973,-15.5961,-56.0967,"J. J. Wurdack"
NA,12,6,1981,-12.5292,-41.5589,"J. J. Wurdack"
NA,14,4,1990,-13.0056,-41.3706,"J. J. Wurdack"
NA,11,12,1964,-22.8394,-42.1028,"J. J. Wurdack"
NA,24,12,1979,-12.5292,-41.5589,"J. J. Wurdack"
NA,28,2,1974,-10.3,-40.25,"J. J. Wurdack"
NA,2,6,1993,-13.4411,-40.4306,"J. J. Wurdack"
NA,2,2,1971,-20.37495,-43.41805556,"J. J. Wurdack"
NA,28,1,1968,-15.88,-48.95,"C. A. Todzia"
NA,6,4,1966,-14.13,-46.37,"J. J. Wurdack"
NA,5,11,1965,-16.73193,-47.6,"J. J. Wurdack"
NA,10,11,1965,-16,-48,"J. J. Wurdack"
NA,9,12,1965,-15.7797,-47.9294,"J. J. Wurdack"
NA,12,12,1965,-15.8,-47.82397,"J. J. Wurdack"
NA,19,1,1966,-16.0611,-50.00122,"J. J. Wurdack"
NA,2,12,1965,-16.03204,-48.8086,"J. J. Wurdack"
NA,9,2,1966,-14.1167,-47.70192,"C. A. Todzia"
NA,2,3,1966,-16.72289,-47.6,"J. J. Wurdack"
NA,15,1,1968,-15.8,-48.77,"J. J. Wurdack"
NA,17,3,1969,-13.74613,-47.5167,"C. A. Todzia"
NA,23,1,1970,-17.99421,-47.76956,"C. A. Todzia"
NA,5,2,1970,-17.22555,-46.8727,"J. J. Wurdack"
NA,8,2,1970,-17.05385,-47.1541,"J. J. Wurdack"
NA,25,2,1970,-15.73555,-47.6874,"J. J. Wurdack"
NA,20,3,1971,-13.94497,-47.5167,"C. A. Todzia"
NA,15,1,1972,-15.85,-48.85664,"C. A. Todzia"
NA,23,1,1972,-14.5223,-48.45,"C. A. Todzia"
NA,17,1,1972,-15.7944,-48.7756,"C. A. Todzia"
NA,21,1,1972,-14.58557,-48.45,"C. A. Todzia"
NA,4,4,1973,-16.82,-47.67,"J. J. Wurdack"
NA,19,10,1963,-15.7797,-47.9294,"J. J. Wurdack"
NA,28,11,1976,-14.1325,-47.5097,"J. J. Wurdack"
NA,14,12,1965,-15.7797,-47.9294,"J. J. Wurdack"
NA,23,1,1979,-14,-47,"J. J. Wurdack"
NA,27,12,1979,-15.7797,-47.9294,"J. J. Wurdack"
NA,4,1,1961,-15.7797,-47.9294,"J. J. Wurdack"
NA,6,12,1994,-19.8656,-47.4397,"R. Romero"
NA,16,2,1968,-18.57,-43.68,"P. J. F. Guimar√£es"
NA,28,11,1985,-30.276667,-51.015556,"Guimar√£es, O."
NA,15,1,1986,-30.276667,-51.015556,"Guimar√£es, O."
NA,NA,NA,NA,-22.505556,-43.178889,"A. C. Brade"
NA,NA,NA,NA,-22.730556,-45.590278,"A. C. Brade"
NA,16,3,1957,-19.921389,-43.938056,"Brade"
NA,15,9,1954,-23.540556,-46.630278,"Brade"
NA,13,5,1946,-19.8025,-40.855833,"A. C. Brade"
NA,7,2,1994,-15.483935,-47.639318,"J. J. Wurdack"
NA,6,12,1984,-20.362786,-40.658705,"J. J. Wurdack"
NA,7,2,1989,-29.05,-51.25,"John J. Wurdack"
NA,18,6,1992,-29.049143,-50.147035,"John J. Wurdack"
NA,10,1,1992,-26.192803,-49.265918,"J. J. Wurdack"
NA,15,1,1997,-28.662064,-50.439562,"John J. Wurdack"
NA,28,1,1976,-17.716667,-48.366667,"C. A. Todzia"
NA,6,6,2004,-17.8,-44.2,"P. Guimar√£es"
NA,17,3,2010,-28.169444,-48.870278,"F.S. Meyer"
NA,6,4,2009,-28.126667,-49.480025,"F.S. Meyer"
NA,20,12,2004,-25.233333,-50,"Meyer, F.S."
NA,2,2,2011,-20.7175,-43.931944,"Meyer, F.S."
NA,10,3,2015,-12.348,-46.338,"Freitas, A.L."
NA,22,7,2007,-14.166111,-47.780556,"Meyer, F.S."
NA,20,3,2011,-22.576389,-45.324167,"Meyer, F.S."
NA,6,3,2012,-22.454,-43.011,"Meyer, F.S."
NA,11,7,2009,-13.11,-41.376944,"Meyer, F.S."
NA,10,12,2005,-25.483333,-48.983333,"Meyer, F."
NA,11,12,2006,-24.974444,-49.085833,"Meyer, F.S."
NA,12,12,2006,-24,-48.991111,"Meyer, F.S."
NA,14,4,2006,-15.85,-52.267,"Meyer, F. S."
NA,11,12,2009,-48.776,-25.361,"Meyer, F. S."
NA,8,1,1999,-25.066667,-47.083333,"Meyer, F.S."
NA,23,2,2007,-24.103611,-52.325833,"Meyer, F.S."
NA,20,4,2011,-48.699,-25.307,"Meyer, F. S."
NA,14,12,2007,-25.476944,-48.834167,"Meyer, F.S."
NA,10,9,2008,-26.250556,-49.378611,"Meyer, F.S."
NA,13,12,1996,-23.234,-45.005,"Meyer, F. S."
NA,6,9,2006,-25.248,-48.905,"Meyer, F. S."
NA,5,6,2015,-25.484167,-48.955,"Meyer, F.S."
NA,28,11,2008,-24.509444,-50.413611,"Meyer, F.S."
NA,7,7,2009,-13.169444,-40.766389,"Meyer, F.S."
NA,10,3,2011,-9.756,-52.635,"Meyer, F. S."
NA,21,4,2007,-24.251111,-49.705833,"Meyer, F.S."
NA,22,4,2000,-24.251111,-49.705833,"Meyer, F.S."
NA,27,4,2011,-21.55,-44.266667,"Meyer, F.S."
NA,29,4,2010,-22.8375,-46.511111,"Meyer, F.S."
NA,26,2,2012,-22.067,-44.283,"Meyer, F.S."
NA,27,4,2007,-24.1,-52.316667,"Meyer, F.S."
NA,1,6,1996,-23.143,-46.358,"Meyer, F. S."
NA,4,9,2006,-25.221,-48.856,"Meyer, F. S."
NA,29,3,1999,-22.880278,-46.306111,"Meyer, F.S."
NA,29,5,2010,-19.294,-43.596,"Meyer, F. S."
NA,9,11,2007,-44.718056,-22.265,"Meyer, F.S."
NA,9,9,2006,-25.851,-48.969,"Meyer, F. S."
NA,4,11,2011,-25.515,-48.973,"Meyer, F. S."
NA,20,2,1996,-22.291,-48.101,"Meyer, F. S."
NA,6,1,2011,-15.858,-52.279,"Meyer, F. S."
NA,3,6,2005,-15.867,-51.267,"Meyer, F. S."
NA,30,7,2006,-21.166389,-45.638333,"Meyer, F.S."
NA,25,7,2007,-23.525278,-48.746111,"Meyer, F.S."
NA,17,1,1996,-24.608,-47.877,"Meyer, F. S."
NA,15,5,2010,-48.777,-25.363,"Meyer, F. S."
NA,1,10,2009,-24.461,-47.364,"Meyer, F.S."
NA,9,4,2007,-27.978,-49.826,"Meyer, F. S."
NA,8,3,2005,-25.233333,-50,"Meyer, J.S."
NA,31,12,2007,-26.764167,-48.671389,"Meyer, F.S."
NA,8,1,2011,-48.699,-25.307,"Meyer, F. S."
NA,12,7,2001,-16.724,-42.928,"Meyer, F. S."
NA,8,7,2009,-12.854444,-41.310833,"Meyer, F.S."
NA,3,2,2008,-26.764167,-48.671389,"Meyer, F.S."
NA,NA,NA,NA,-6.616667,-45.883333,"Guimar√£es, P."
NA,4,3,2011,-9.69,-52.606,"Meyer, F. S."
NA,14,3,1997,-11.575,-50.977,"Meyer, F. S."
NA,22,3,1997,-11.698,-51.428,"Meyer, F. S."
NA,28,2,2010,-21.101139,-44.201694,"Meyer, F.S."
NA,5,12,1999,-15.066667,-50.166667,"J.G.Freitas & P.Guimar√£es"
NA,19,2,2010,-16.851944,-49.239167,"A.L.Freitas"
NA,22,4,2005,-15.490556,-57.195556,"J.G.Freitas & P.Guimar√£es"
NA,27,12,2005,-12.983333,-41.333333,"J.G.Freitas & P.Guimar√£es"
NA,18,11,1992,-12.55,-41.433333,"P.Guimar√£es"
NA,8,1,1999,-12.560278,-41.403056,"J.G.Freitas & P.Guimar√£es"
NA,23,1,2000,-12.991667,-41.341389,"J.G.Freitas & P.Guimar√£es"
NA,14,2,1997,-12.870833,-41.306944,"J.G.Freitas & P.Guimar√£es"
NA,31,3,1996,-11.243056,-40.73,"J.G.Freitas & P.Guimar√£es"
NA,11,5,2003,-11.328611,-41.1275,"P.Guimar√£es"
NA,10,10,1987,-13,-41.383333,"J.J.Wurdack"
NA,30,4,2003,-12.566667,-41.383333,"J.G.Freitas & P.Guimar√£es"
NA,5,3,2005,-12.577778,-41.432222,"J.G.Freitas & P.Guimar√£es"
NA,29,7,2004,-12.983333,-41.333333,"J.G.Freitas & P.Guimar√£es"
NA,28,6,1996,-11.627778,-41.001389,"P.Guimar√£es"
NA,14,3,1996,-11.591389,-41.208056,"P.Guimar√£es"
NA,2,3,1997,-11.590556,-41.207222,"P.Guimar√£es"
NA,14,3,1999,-12.31,-40.346944,"P.F.Guimar√£es"
NA,16,5,1986,-11.55,-41.15,"P.Guimar√£es"
NA,28,6,2004,-10.363611,-41.195556,"J.G.Freitas & P.Guimar√£es"
NA,20,9,2002,-12.933333,-38.35,"J.G.Freitas & P.Guimar√£es"
NA,26,8,2007,-21.753056,-45.020556,"J.G.Freitas & P.Guimar√£es"
NA,27,8,2007,-21.640556,-44.963611,"J.G.Freitas & P.Guimar√£es"
NA,28,8,2007,-18.299444,-43.685,"J.G.Freitas & P.Guimar√£es"
NA,4,7,2001,-13.271111,-42.098333,"J.G.Freitas & P.Guimar√£es"
NA,10,2,2007,-20.074444,-44.055556,"J.G.Freitas & P.Guimar√£es"
NA,29,8,1994,-12.45,-41.466667,"J.G.Freitas & P.Guimar√£es"
NA,24,4,1995,-12.45,-41.466667,"J.G.Freitas & P.Guimar√£es"
NA,15,1,2006,-23.563611,-45.497778,"J.G.Freitas & P.Guimar√£es"
NA,12,4,2006,-10.661667,-40.347222,"J.G.Freitas & P.Guimar√£es"
NA,11,3,2006,-11.380556,-40.546389,"J.G.Freitas & P.Guimar√£es"
NA,25,2,2006,-12.45,-41.466667,"J.G.Freitas & P.Guimar√£es"
NA,12,2,2005,-15.173611,-39.341667,"J.G.Freitas & P.Guimar√£es"
NA,12,3,1997,-12.466667,-41.45,"P.Guimar√£es"
NA,3,4,1999,-11.366667,-40.5,"J.G.Freitas & P.Guimar√£es"
NA,12,8,1999,-10.753333,-40.384722,"P.F.Guimar√£es"
NA,17,6,2000,-12.849722,-39.478889,"J.G.Freitas & P.Guimar√£es"
NA,1,4,2000,-13.261944,-41.924722,"P.F.Guimar√£es"
NA,4,3,2001,-12.868056,-39.479722,"P.F.Guimar√£es"
NA,14,2,2001,-12.833333,-39.466667,"P.F.Guimar√£es"
NA,2,8,2001,-11.166389,-40.506389,"J.G.Freitas & P.Guimar√£es"
NA,4,4,2001,-11.388333,-40.535556,"J.G.Freitas & P.Guimar√£es"
NA,7,4,2001,-11.334444,-40.498611,"J.G.Freitas & P.Guimar√£es"
NA,10,4,2001,-10.943333,-40.407778,"J.G.Freitas & P.Guimar√£es"
NA,10,9,2003,-17.080556,-43.309722,"J.G.Freitas & P.Guimar√£es"
NA,24,3,2004,-11.157778,-40.557222,"J.G.Freitas & P.Guimar√£es"
NA,17,4,2005,-13,-41.383333,"J.G.Freitas & P.Guimar√£es"
NA,7,10,1990,-22.716667,-45.566667,"P.Guimar√£es"
NA,11,1,2003,-18.2575,-43.516389,"P.J.F.Guimar√£es"
NA,10,1,2006,-16.216944,-42.871389,"J.G.Freitas & P.Guimar√£es"
NA,18,2,2005,-18.704722,-43.641389,"J.G.Freitas & P.Guimar√£es"
NA,22,6,1983,-12.25,-38.966667,"P.Guimar√£es"
NA,8,1,2003,-16.555556,-42.895278,"P.Guimar√£es"
NA,14,2,2003,-16.591667,-42.725,"J.G.Freitas & P.Guimar√£es"
NA,11,4,2003,-19.966389,-40.535,"J.G.Freitas & P.Guimar√£es"
NA,10,11,2003,-8.5825,-37.24,"J.G.Freitas & P.Guimar√£es"
NA,30,3,2005,-17.692778,-44.198889,"J.G.Freitas & P.Guimar√£es"
NA,12,4,2005,-13.886111,-42.454167,"J.G.Freitas & P.Guimar√£es"
NA,14,4,2000,-12.7,-39.766667,"P.F.Guimar√£es"
NA,8,8,1993,-13.816667,-42.433333,"P.F.Guimar√£es"
NA,6,9,2003,-13.6,-41.8,"P.F.Guimar√£es"
NA,7,9,2003,-13.533333,-41.866667,"P.F.Guimar√£es"
NA,6,10,2000,-17.620833,-39.224722,"J.G.Freitas & P.Guimar√£es"
NA,4,6,1994,-12.25,-38.966667,"P.F.Guimar√£es"
NA,24,5,1997,-12.756667,-39.898611,"P.F.Guimar√£es"
NA,10,2,1997,-14.16,-42.496111,"J.G.Freitas & P.Guimar√£es"
NA,27,2,2000,-10.438611,-39.335833,"P.F.Guimar√£es"
NA,6,3,2002,-12.25,-38.966667,"P.Guimar√£es"
NA,8,3,2003,-12.25,-38.966667,"J.G.Freitas & P.Guimar√£es"
NA,11,3,2003,-12.271944,-39.060833,"J.G.Freitas & P.Guimar√£es"
NA,2,12,2003,-12.25,-38.966667,"J.G.Freitas & P.Guimar√£es"
NA,6,4,2004,-12.231667,-39.076667,"J.G.Freitas & P.Guimar√£es"
NA,30,6,2005,-12.231111,-39.0775,"J.G.Freitas & P.Guimar√£es"
NA,1,3,2006,-13.370833,-41.884722,"J.G.Freitas & P.Guimar√£es"
NA,11,4,1994,-13.333333,-41.883333,"P.Guimar√£es"
NA,5,1,2006,-12.025833,-38.639444,"J.G.Freitas & P.Guimar√£es"
NA,2,10,2005,-12.59,-41.3925,"J.G.Freitas & P.Guimar√£es"
NA,18,8,2006,-13.183333,-41.533333,"J.G.Freitas & P.Guimar√£es"
NA,10,7,1994,-13.316667,-41.816667,"J.G.Freitas & P.Guimar√£es"
NA,10,7,1995,-13.033333,-41.833333,"J.G.Freitas & P.Guimar√£es"
NA,21,11,1994,-12.45,-41.466667,"J.G.Freitas & P.Guimar√£es"
NA,4,1,1996,-12.45,-41.683333,"J.G.Freitas & P.Guimar√£es"
NA,26,8,2001,-13.006389,-41.375833,"J.G.Freitas & P.Guimar√£es"
NA,28,9,2002,-13.316667,-41.55,"J.G.Freitas & P.Guimar√£es"
NA,22,7,2003,-13.314722,-41.256389,"J.G.Freitas & P.Guimar√£es"
NA,15,2,2003,-16.800556,-43.418611,"J.G.Freitas & P.Guimar√£es"
NA,3,3,2005,-8.088889,-36.392778,"P.Guimar√£es"
NA,15,2,2004,-10.372222,-40.205,"J.G.Freitas & P.Guimar√£es"
NA,4,4,2004,-13.552222,-41.327778,"J.G.Freitas & P.Guimar√£es"
NA,8,12,1992,-12.85,-39.466667,"P.Guimar√£es"
NA,26,12,1992,-12.85,-39.466667,"P.Guimar√£es"
NA,7,5,1993,-12.85,-39.466667,"P.Guimar√£es"
NA,1,6,1996,-12.75,-39.533333,"P.Guimar√£es"
NA,1,6,1996,-12.853056,-39.4725,"P.Guimar√£es"
NA,1,6,1996,-12.85,-39.466667,"P.Guimar√£es"
NA,24,8,1996,-12.8525,-39.476111,"P.Guimar√£es"
NA,24,8,1996,-12.969167,-39.476111,"P.Guimar√£es"
NA,23,8,1996,-12.969167,-39.476111,"P.Guimar√£es"
NA,16,5,1983,-12.75,-39.533333,"J.J.Wurdack"
NA,15,5,1999,-12.853056,-39.471944,"P.F.Guimar√£es"
NA,18,11,2005,-12.470278,-37.961944,"J.G.Freitas & P.Guimar√£es"
NA,17,11,2005,-12.315,-37.831389,"J.G.Freitas & P.Guimar√£es"
NA,5,5,1992,-13.233333,-41.9,"P.Guimar√£es"
NA,3,4,1996,-11.1725,-40.494444,"P.Guimar√£es"
NA,14,8,1999,-10.513611,-40.306944,"J.G.Freitas & P.Guimar√£es"
NA,7,6,2001,-11.055278,-40.655278,"P.F.Guimar√£es"
NA,3,8,2001,-11.190556,-40.509167,"J.G.Freitas & P.Guimar√£es"
NA,2,7,1996,-11.086944,-40.6725,"J.G.Freitas & P.Guimar√£es"
NA,1,10,1982,-12.516667,-41.383333,"J.G.Freitas & P.Guimar√£es"
NA,12,6,2003,-13.5975,-41.828333,"P.Guimar√£es"
NA,5,4,2005,-12.836389,-41.321944,"J.G.Freitas & P.Guimar√£es"
NA,10,4,2005,-11.091111,-40.705556,"J.G.Freitas & P.Guimar√£es"
NA,20,4,2005,-15.030833,-56.362222,"J.G.Freitas & P.Guimar√£es"
NA,24,11,2012,-25.829486,-50.120547,"Meyer, F.S."
NA,21,3,2012,-14.120864,-47.653017,"Meyer, F.S."
NA,17,3,2012,-16.799314,-47.567975,"Meyer, F.S."
NA,22,3,2012,-14.164583,-47.82445,"Meyer, F.S."
NA,13,1,2010,-20.470639,-41.830806,"Meyer, F.S."
NA,5,10,2011,-19.6025,-43.66,"Meyer, F.S."
NA,25,1,2011,-23.330333,-45.945278,"Meyer, F.S."
NA,NA,NA,2008,-23.325556,-45.068056,"Meyer, F.S."
NA,9,12,2006,-15.391667,-39.565278,"Meyer, F.S."
NA,23,10,2012,-20.512361,-41.732944,"Meyer, F.S."
NA,16,12,1996,-23.245833,-44.993333,"Meyer, F.S."
NA,9,2,2013,-20.293172,-44.143233,"Meyer, F.S."
NA,27,6,1999,-4.083333,-41.733333,"Meyer, F.S."
NA,30,7,1995,3.433333,-59.766667,"Wurdack, J.J."
NA,NA,5,1990,5,-66.4,"Wurdack, J.J."
NA,30,3,2005,-16.536889,-49.286111,"Freitas, A.L."
NA,29,3,2005,-16.518806,-49.146111,"Freitas, A.L."
NA,17,7,2000,-11.660833,-47.706667,"Meyer, F.S."
NA,17,2,1977,-13.016667,-41.4,"Romero, R."
NA,4,2,1974,-13.166667,-41.35,"Wurdack, J.J."
NA,10,10,1987,-13,-41.402778,"Wurdack, J.J."
NA,10,3,2009,-22.452778,-43.02,"Meyer, F.S."
NA,28,1,2005,-11.090833,-41.209444,"Meyer, F.S."
NA,2,3,1977,-11.633333,-41.333333,"Guimar√£es, P."
NA,12,10,1987,-12.461111,-41.6375,"Guimar√£es, P."
NA,25,4,2000,-23.645556,-45.6725,"Meyer, F.S."
NA,5,9,1990,-16.566667,-42.883333,"Wurdack, J.J."
NA,7,11,1981,-15.816667,-48.016667,"Freitas, A.L."
NA,24,9,2002,-19.343056,-43.5875,"Freitas, A.L."
NA,21,10,2010,-18.219167,-43.623444,"Freitas, A.L."
NA,16,11,2013,-19.572358,-43.964892,"Meyer, F.S."
NA,1,10,2005,-19.176,-43.510278,"Meyer, F.S."
NA,7,10,2001,-20.478333,-43.592222,"Meyer, F.S."
NA,4,2,2013,-20.721467,-43.858078,"Meyer, F.S."
NA,4,6,1998,-19.166667,-43.5,"Guimar√£es, P."
NA,18,11,2004,-21.303333,-43.473778,"Meyer, F.S."
NA,14,11,2009,-21.533111,-45.232333,"Meyer, F.S."
NA,10,10,2001,-19.833333,-43.6825,"Meyer, F.S."
NA,4,2,2013,-20.72545,-43.854425,"Meyer, F.S."
NA,28,3,1996,-23.991111,-46.743333,"Freitas, A.L."
NA,18,4,1995,-23.896111,-46.727778,"Freitas, A.L."
NA,13,9,2007,-23.453611,-46.766111,"Meyer, F.S."
NA,7,2,1995,-24.879444,-47.858333,"Romero, R."
NA,25,3,1999,-24.895,-47.805556,"Meyer, F.S."
NA,16,11,1998,-24.956944,-47.89,"Meyer, F.S."
NA,8,1,1985,-22.5,-45.833333,"Guimar√£es, P."
NA,8,9,1994,-25.233333,-47.9125,"Romero, R."
NA,6,9,1994,-24.900806,-47.84175,"Meyer, F.S."
NA,25,11,1993,-23.348556,-44.927472,"Meyer, F.S."
NA,14,12,1995,-24.962222,-48.414722,"Romero, R."
NA,29,9,1995,-24.608333,-47.876944,"Meyer, F.S."
NA,19,3,2009,-28.09575,-49.623528,"Meyer, F.S."
NA,26,3,2013,-24.020556,-47.315833,"Meyer, F.S."
NA,15,11,2012,-27.221667,-49.167383,"Meyer, F.S."
NA,20,4,2014,-29.150186,-50.605942,"Meyer, F.S."
NA,2,11,2012,-25.689142,-49.677272,"Meyer, F.S."
NA,26,1,2014,-26.540542,-49.518592,"Meyer, F.S."
NA,12,12,2012,-26.504067,-49.539828,"Meyer, F.S."
NA,10,12,2012,-29.344717,-50.563422,"Meyer, F.S."
NA,21,4,2014,-29.269142,-50.128828,"Meyer, F.S."
NA,5,5,2012,-24.161811,-49.652006,"Meyer, F.S."
NA,21,12,2013,-25.638653,-49.63625,"Meyer, F.S."
NA,7,12,2012,-25.756219,-52.525247,"Meyer, F.S."
NA,12,2,2013,-20.152,-43.736803,"Meyer, F.S."
NA,11,1,1996,-19.823222,-43.686556,"Meyer, F.S."
NA,18,1,2013,-26.8675,-49.401111,"Meyer, F.S."
NA,9,3,1986,-23.716667,-45.9375,"Guimar√£es, P."
NA,30,4,1958,-23.522778,-46.188333,"Guimar√£es, P."
NA,4,3,2001,-12.866667,-39.479722,"Meyer, F.S."
NA,24,3,1977,-13.483333,-41.816667,"Wurdack, J.J."
NA,13,2,1977,-12.85,-41.7,"Wurdack, J.J."
NA,15,5,2003,-22.892778,-46.331389,"Freitas, A.L."
NA,12,5,2005,-22.9,-46.366667,"Meyer, F.S."
NA,1,6,1996,-23.142611,-46.357889,"Meyer, F.S."
NA,28,6,2012,-22.707486,-45.763947,"Meyer, F.S."
NA,9,4,1986,-23.075,-45.9375,"Freitas, A.L."
NA,9,2,1995,-24.646389,-48.391944,"Guimar√£es, P."
NA,4,4,1995,-22.416944,-44.922222,"Freitas, A.L."
NA,13,9,1994,-23.955556,-46.680278,"Guimar√£es, P."
NA,15,12,1997,-24.270556,-49.259722,"Freitas, F.O."
NA,8,3,2009,-22.359444,-42.573611,"Meyer, F.S."
NA,11,5,1994,-22.723639,-45.507889,"Meyer, F.S."
NA,11,5,1994,-22.723611,-45.507778,"Freitas, A.L."
NA,11,5,1994,-22.723639,-45.507889,"Freitas, A.L."
NA,22,4,2006,-19.1,-43.666667,"Freitas, A.L."
NA,19,1,2004,-18.811111,-43.7525,"Meyer, F.S."
NA,27,11,2004,-18.596194,-43.869472,"Freitas, A.L."
NA,19,3,2009,-28.084972,-49.635778,"Meyer, F.S."
NA,21,3,2009,-28.521667,-50.038056,"Meyer, F.S."
NA,28,1,2014,-25.754125,-49.399242,"Meyer, F.S."
NA,3,2,2014,-24.210183,-49.651728,"Meyer, F.S."
NA,12,4,2012,-22.867539,-46.049725,"Meyer, F.S."
NA,26,2,2014,-26.493528,-49.599767,"Meyer, F.S."
NA,11,1,1998,-17.701111,-44.316667,"Romero, R."
NA,30,5,2000,-22.675278,-42.074444,"Freitas, A.L."
NA,6,3,2009,-23.333833,-46.632722,"Meyer, F.S."
NA,7,12,2012,-25.592064,-51.777022,"Meyer, F.S."
NA,NA,3,2005,-24.634722,-48.407778,"Meyer, F.S."
NA,22,1,1997,-21.533333,-46.516667,"Romero, R."
NA,9,1,2003,-23.910417,-49.57275,"Meyer, F.S."
NA,14,2,1995,-24.962361,-48.414889,"Meyer, F.S."
NA,4,5,1996,-15.866667,-48.05,"Meyer, F.S."
NA,11,11,2012,-26.542556,-49.336075,"Meyer, F.S."
NA,24,3,2012,-20.700142,-43.793147,"Meyer, F.S."
NA,24,2,2013,-26.448864,-49.401525,"Meyer, F.S."
NA,24,2,2013,-26.444992,-49.418856,"Meyer, F.S."
NA,18,4,2014,-25.323908,-49.488669,"Meyer, F.S."
NA,5,12,2012,-24.775111,-50.053664,"Meyer, F.S."
NA,29,3,2013,-24.774856,-50.049364,"Meyer, F.S."
NA,23,1,2000,-19.030556,-43.708333,"Freitas, A.L."
NA,18,4,2003,-21.809111,-43.599639,"Freitas, A.L."
NA,2,5,2007,-23.456944,-46.765278,"Freitas, A.L."
NA,20,1,2007,-18.93,-43.671389,"Freitas, A.L."
NA,26,5,2011,-20.486944,-46.534444,"Freitas, A.L."
NA,4,2,2013,-20.703428,-43.835681,"Meyer, F.S."
NA,10,3,1995,-19.286583,-43.589056,"Freitas, A.L."
NA,10,11,2004,-21.935111,-44.450083,"Freitas, A.L."
NA,5,11,2008,-20.603611,-46.293333,"Freitas, A.L."
NA,6,10,2001,-20.271667,-43.893333,"Meyer, F.S."
NA,16,2,2013,-20.088278,-44.017111,"Meyer, F.S."
NA,12,3,2002,-22.466167,-43.035611,"Meyer, F.S."
NA,13,3,2009,-22.624472,-45.177667,"Meyer, F.S."
NA,18,3,2012,-16.065858,-50.178486,"Meyer, F.S."
NA,25,9,2002,-15.971611,-47.95325,"Meyer, F.S."
NA,27,9,1999,-15.866667,-48.016667,"Meyer, F.S."
NA,9,6,1999,-15.916667,-48.016667,"Meyer, F.S."
NA,9,9,1990,-0.5,-77.816667,"Wurdack, J.J."
NA,6,3,1977,-12.9,-39.866667,"Wurdack, J.J."
NA,8,11,2004,-22.839833,-47.175278,"Meyer, F.S."
NA,4,12,2012,-24.275936,-50.092919,"Meyer, F.S."
NA,2,12,1980,-21.838889,-46.564722,"Guimar√£es, P."
NA,10,5,1994,-22.723639,-45.507889,"Meyer, F.S."
NA,12,11,1994,-24.073611,-49.0525,"Meyer, F.S."
NA,4,5,2006,-22.449556,-44.897111,"Meyer, F.S."
NA,14,5,2005,-22.402778,-44.848889,"Meyer, F.S."
NA,10,6,2005,-22.449556,-44.897111,"Meyer, F.S."
NA,4,3,2009,-19.425028,-43.924306,"Meyer, F.S."
NA,19,2,2009,-14.185556,-47.626944,"Meyer, F.S."
NA,21,7,2014,-16.403053,-49.252211,"Meyer, F.S."
NA,10,9,1982,-15.533333,-47.55,"Freitas, A.L."
NA,NA,NA,NA,-22.886111,-46.3125,"Freitas, A.L."
NA,15,2,1995,-23.835556,-46.735,"Freitas, A.L."
NA,19,6,1998,-15.833333,-49.5,"Freitas, A.L."
NA,16,6,1998,-14.169028,-47.610278,"Freitas, A.L."
NA,21,5,2013,-15.713889,-48.893611,"Wurdack, J.J."
NA,14,3,2007,-13.059722,-41.370833,"Meyer, F.S."
NA,14,3,1999,-12.31,-40.346944,"Meyer, F.S."
NA,15,3,2002,-15.8025,-48.847222,"Freitas, A.L."
NA,9,12,1988,-14.159167,-47.785278,"Freitas, A.L."
NA,23,7,2004,-19.226361,-57.556806,"Meyer, F.S."
NA,14,7,2013,-19.435383,-58.043611,"Meyer, F.S."
NA,16,9,1989,-19.25,-57.616667,"Meyer, F.S."
NA,23,5,1985,-18.983333,-56.65,"Freitas, A.L."
NA,24,2,2013,-26.540542,-49.518592,"Meyer, F.S."
NA,20,2,2001,-13.417222,-48.080278,"Guimar√£es, P."
NA,25,1,2001,-13.529444,-48.0675,"Guimar√£es, P."
NA,21,8,2003,-24.885278,-47.931944,"Meyer, F.S."
NA,17,11,2009,-26.28,-48.961944,"Meyer, F.S."
NA,2,3,2013,-25.218278,-49.375878,"Meyer, F.S."
NA,15,2,1995,-23.835556,-46.735,"Meyer, F.S."
NA,19,3,1996,-23.269444,-45.0875,"Meyer, F.S."
NA,21,3,2009,-28.671444,-49.922556,"Meyer, F.S."
NA,19,3,2009,-28.095556,-49.6,"Meyer, F.S."
NA,10,12,2012,-29.337314,-50.593369,"Meyer, F.S."
NA,NA,NA,2008,-24.895,-47.918056,"Meyer, F.S."
NA,5,9,1994,-24.622917,-47.88775,"Meyer, F.S."
NA,6,9,2006,-25.259917,-48.86175,"Meyer, F.S."
NA,13,12,1996,-23.233889,-45.004722,"Meyer, F.S."
NA,28,12,2013,-26.122847,-49.565833,"Meyer, F.S."
NA,23,6,1998,-20,-46.25,"Freitas, A.L."
NA,11,7,2014,-20.412372,-46.751417,"Meyer, F.S."
NA,10,12,2012,-29.082664,-50.246342,"Meyer, F.S."
NA,30,3,2013,-24.268228,-50.098569,"Meyer, F.S."
NA,20,3,1996,-23.224444,-23.269444,"Meyer, F.S."
NA,2,6,1998,-19.166667,-43.5,"Meyer, F.S."
NA,21,3,1994,-21.916667,-47.25,"Meyer, F.S."
NA,21,4,2002,-24.141389,-47.994167,"Meyer, F.S."
NA,19,4,2002,-24.058333,-47.989722,"Meyer, F.S."
NA,15,5,2003,-22.880833,-46.3075,"Freitas, A.L."
NA,5,9,2006,-25.254,-48.880333,"Meyer, F.S."
NA,4,9,2006,-25.221611,-48.856556,"Meyer, F.S."
NA,25,8,1993,-22.566667,-47.55,"Guimar√£es, P."
NA,24,5,1994,-23.583333,-46.466667,"Guimar√£es, P."
NA,25,5,1994,-23.583333,-46.466667,"Guimar√£es, P."
NA,14,9,1994,-23.818611,-46.716944,"Guimar√£es, P."
NA,4,6,1994,-24.266667,-49.15,"Guimar√£es, P."
NA,6,9,1983,-21.838889,-46.564722,"Freitas, A.L."
NA,14,3,1996,-22.868889,-46.040833,"Freitas, A.L."
NA,25,8,1993,-22.566667,-47.55,"Freitas, A.L."
NA,9,9,2006,-25.889611,-48.956417,"Meyer, F.S."
NA,14,2,2014,-26.493528,-49.599767,"Meyer, F.S."
NA,5,3,2014,-22.101525,-45.138453,"Meyer, F.S."
NA,20,3,2003,-22.801944,-47.0525,"Freitas, A.L."
NA,8,7,2009,-20.040417,-46.057,"Meyer, F.S."
NA,19,2,2011,-20.488667,-46.547664,"Meyer, F.S."
NA,23,2,2009,-15.002222,-49.366611,"Meyer, C.A."
NA,23,4,2000,-23.774167,-45.665,"Meyer, F.S."
NA,7,2,1995,-24.879444,-47.850833,"Meyer, F.S."
NA,29,9,1983,-23.633333,-45.866667,"Guimar√£es, P."
NA,13,11,2012,-27.221667,-49.167383,"Meyer, F.S."
NA,7,2,1995,-24.879444,-47.858333,"Meyer, F.S."
NA,11,12,2012,-28.1926,-49.446731,"Meyer, F.S."
NA,19,4,2014,-29.634811,-50.302275,"Meyer, F.S."
NA,13,10,2001,-18.331667,-43.690556,"Meyer, F.S."
NA,27,2,2009,-18.370861,-43.993861,"Meyer, F.S."
NA,2,3,2009,-18.398611,-43.348056,"Meyer, F.S."
NA,8,4,2010,-18.395833,-43.348333,"Meyer, F.S."
NA,7,1,2013,-26.831944,-48.642222,"Meyer, F.S."
NA,14,11,2012,-27.221667,-49.167383,"Meyer, F.S."
NA,24,2,2009,-15.81485,-48.85849,"P.J.F. Guimar√£es"
NA,8,3,2009,-22.35947,-42.5736,"P.J.F. Guimar√£es"
NA,10,3,2009,-22.45943,-43.02779,"P.J.F. Guimar√£es"
NA,16,3,2009,-22.73318,-44.61657,"P.J.F. Guimar√£es"
NA,19,3,2009,-28.05447,-49.36847,"P.J.F. Guimar√£es"
NA,10,3,2009,-22.45278,-43.01992,"P.J.F. Guimar√£es"
NA,21,3,2009,-28.3118,-49.6177,"P.J.F. Guimar√£es"
NA,20,3,2009,-28.40174,-49.55177,"P.J.F. Guimar√£es"
NA,19,3,2009,-28.05059,-49.38088,"P.J.F. Guimar√£es"
NA,4,3,2009,-19.25301,-43.54875,"P.J.F. Guimar√£es"
NA,21,3,2009,-28.39772,-49.55212,"P.J.F. Guimar√£es"
NA,13,3,2009,-22.37281,-44.70396,"P.J.F. Guimar√£es"
NA,23,2,2009,-15.80008,-48.81598,"P.J.F. Guimar√£es"
NA,2,3,2009,-18.39868,-43.34816,"P.J.F. Guimar√£es"
NA,27,2,2009,-18.21751,-43.59379,"P.J.F. Guimar√£es"
NA,31,7,2015,-21.728389,-44.961889,"Romero, R."
NA,13,12,1996,-23.239444,-45.004722,"Meyer, F.S."
NA,1,6,1996,-23.1425,-46.357778,"Meyer, F.S."
NA,20,4,2015,-21.719444,-44.97,"Meyer, F.S."
NA,11,5,1994,-22.723611,-45.507778,"Meyer, F.S."
NA,20,1,2016,-21.710939,-44.926397,"Romero, R."
NA,17,4,2015,-21.728389,-44.961889,"Meyer, F.S."
NA,22,5,1980,-12.45,-41.45,"Wurdack, J.J."
NA,23,11,1992,-13.666667,-41.233333,"Wurdack, J.J."
NA,24,3,1974,-16,-39.05,"Wurdack, J.J."
NA,1,2,1974,-13.416667,-41.283333,"Wurdack, J.J."
NA,30,1,1974,-13.666667,-41.333333,"Wurdack, J.J."
NA,22,3,1974,-16.416667,-39.2,"Wurdack, J.J."
NA,13,2,1977,-12.85,-41.2,"Wurdack, J.J."
NA,16,1,1977,-17.483333,-39.216667,"Wurdack, J.J."
NA,15,1,1977,-17.516667,-39.216667,"Wurdack, J.J."
NA,20,2,1974,-10.45,-39.333333,"Wurdack, J.J."
NA,26,11,1992,-12.466667,-41.366667,"Wurdack, J.J."
NA,15,8,2013,-20.846389,-46.628306,"Meyer, F.S."
