"name","lat","lon","identifiedBy","splink_ident_extract"
"aegopogon",-19.682778,-46.445,"ANA LUIZA FREITAS",1084
"aegopogon",-11.22333,-47.566111,"Meyer, F.S.",563
"aegopogon",-11.69421,-47.70079,"Meyer, F. S.",530
"aegopogon",-11,-47,"F.S. Meyer",470
"aegopogon",-15.930833,-47.901944,"Meyer, FS",1092
"aegopogon",-13.9295,-47.4305,"Meyer, FS",1478
"aegopogon",-16.799314,-47.567975,"Meyer, FS",1090
"aegopogon",-14.219444,-47.737222,"Ana Luiza Freitas Oliveira",1150
"aegopogon",-13.929444,-47.430278,"Ana Luiza Freitas Oliveira",1478
"aegopogon",-16.475753,-47.340471,"Meyer, F.S.",920
"aegopogon",-18.611389,-48.304722,"Freitas, A.L.",716
"aegopogon",-14.235278,-47.905833,"Freitas-Oliveira, AL",654
"aegopogon",-15.824722,-48.906667,"Freitas, A.L.",1124
"aegopogon",-14.072694,-47.509333,"Guimar„es, PJF",1430
"aegopogon",-18.066944,-47.272222,"Freitas, A.L.",783
"aegopogon",-20.434444,-46.653333,"Freitas-Oliveira, AL",845
"aegopogon",-17.422833,-47.795583,"Freitas-Oliveira, AL",953
"aegopogon",-20.434444,-46.653333,"Romero, R.",845
"aegopogon",-20.335,-46.812778,"Romero, R.",717
"aegopogon",-20.3425,-46.767222,"Romero, R.",945
"aegopogon",-16.745944,-47.694667,"Guimar„es, PJF",1075
"aegopogon",-14.56667,-48.69917,"A. L. Freitas",599
"aegopogon",-15.066667,-50.166667,"Guimar„es, PJF",359
"aegopogon",-15.066667,-50.166667,"J.G.Freitas & P.Guimar„es",359
"aegopogon",-15.9,-48,"P. J. F. Guimar„es",1160
"aegopogon",-14.404444,-48.416389,"Guimar„es, PJF",746
"aegopogon",-15.583333,-47.883333,"Guimar„es, PJF",973
"aegopogon",-15.8,-47.96667,"P. J. F. Guimar„es",1100
"aegopogon",-20.267222,-46.415556,"Romero, R",984
"aegopogon",-15.483935,-47.639318,"J. J. Wurdack",960
"aegopogon",-10.124444,-48.270556,"Guimar„es, P",486
"aegopogon",-19.8694005837072,-47.4401506543322,"R. Romero",896
"aegopogon",-14.82333,-60.38611,"J.J. Wurdack",823
"aegopogon",-13.466667,-48.383333,"Ana Luiza Freitas Oliveira",453
"aegopogon",-15.911111,-47.914167,"Freitas, AL",1079
"aegopogon",-15.965,-47.898611,"Freitas, AL",1155
"aegopogon",-15.951944,-47.893611,"Freitas, AL",1092
"aegopogon",-15.75,-48.3,"P. J. F. Guimar„es",1064
"aegopogon",-13.733333,-47.25,"Meyer, FS",683
"aegopogon",-13.733333,-47.25,"Freitas, A.L.",683
"aegopogon",-16.766667,-47.616667,"Wurdack, J.J.",1202
"aegopogon",-16.766667,-47.616667,"Wurdack, JJ",1202
"aegopogon",-15.8525,-48.9592,"Guimar„es, PJF",782
"aegopogon",-16.7686,-47.6136,"Guimar„es, PJF",1202
"aegopogon",-15.566667,-48.033333,"Guimar„es, PJF",1225
"aegopogon",-15.9236,-48.8086,"Wurdack, JJ",1008
"aegopogon",-14.116667,-47.516667,"Wurdack, JJ",1319
"aegopogon",-14,-47,"Freitas, GA",454
"aegopogon",-14.116667,-47.516667,"Wurdack, JJ",1319
"aegopogon",-14,-47,"J. J. Wurdack",454
"aegopogon",-15.7834208090807,-47.9298726661488,"J. J. Wurdack",1127
"aegopogon",-15.866667,-47.85,"Wurdack, JJ",1038
"aegopogon",-14.1361863978701,-47.5101417129434,"J. J. Wurdack",1240
"aegopogon",-17.8,-48.75,"Wurdack, JJ",647
"aegopogon",-17.8,-48.75,"J. Wurdack",647
"aegopogon",-16.7686,-47.6136,"Wurdack, JJ",1202
"aegopogon",-16.823742555015,-47.6704580401791,"J. J. Wurdack",1142
"aegopogon",-15.8525,-48.9592,"Wurdack, JJ",782
"aegopogon",-15.8525,-48.9592,"Wurdack, JJ",782
"aegopogon",-15.8525,-48.9592,"Todzia, CA",782
"aegopogon",-14.4739,-48.4597,"Todzia, CA",633
"aegopogon",-14.4739,-48.4597,"Todzia, CA",633
"aegopogon",-15.85,-48.85664,"C. A. Todzia",1101
"aegopogon",-14.5223,-48.45,"C. A. Todzia",709
"aegopogon",-15.7981191657884,-48.7761282105302,"C. A. Todzia",1126
"aegopogon",-14.116667,-47.516667,"Todzia, CA",1319
"aegopogon",-17.22555,-46.8727,"J. J. Wurdack",686
"aegopogon",-17.05385,-47.1541,"J. J. Wurdack",852
"aegopogon",-15.73555,-47.6874,"J. J. Wurdack",935
"aegopogon",-15.9236,-48.8086,"Wurdack, JJ",1008
"aegopogon",-15.8,-48.77,"J. J. Wurdack",1126
"aegopogon",-16,-49,"Wurdack, J.J.",748
"aegopogon",-16.7686,-47.6136,"Wurdack, JJ",1202
"aegopogon",-15.8525,-48.9592,"Wurdack, JJ",782
"aegopogon",-16.7686,-47.6136,"Wurdack, JJ",1202
"aegopogon",-14,-50,"Wurdack, JJ",308
"aegopogon",-16.0611,-50.00122,"J. J. Wurdack",765
"aegopogon",-14.1167,-47.70192,"C. A. Todzia",1201
"aegopogon",-16.7686,-47.6136,"Wurdack, JJ",1202
"aegopogon",-16.72289,-47.6,"J. J. Wurdack",1170
"aegopogon",-17,-48,"Wurdack, JJ",842
"aegopogon",-14.0931,-46.3694,"Wurdack, JJ",816
"aegopogon",-14.13,-46.37,"J. J. Wurdack",807
"aegopogon",-14,-46,"Wurdack, JJ",938
"aegopogon",-16.73193,-47.6,"J. J. Wurdack",1170
"aegopogon",-16,-48,"J. J. Wurdack",1184
"aegopogon",-15.9236,-48.8086,"Wurdack, JJ",1008
"aegopogon",-15.8,-47.82397,"J. J. Wurdack",1040
"aegopogon",-16.0357639586557,-48.8091309966958,"J. J. Wurdack",1010
"aegopogon",-15.7834208090807,-47.9298726661488,"J. J. Wurdack",1127
"aegopogon",-15.7834208090807,-47.9298726661488,"J. J. Wurdack",1127
"aegopogon",-16,-49,"Wurdack, JJ",748
"aegopogon",-15.7834208090807,-47.9298726661488,"J. J. Wurdack",1127
"aegopogon",-15.7834208090807,-47.9298726661488,"J. J. Wurdack",1127
"aegopogon",-19.690239,-44.096503,"John Julius Wurdack",838
"aegopogon",-15.8525,-48.9592,"Romero, R",782
"aegopogon",-14.116667,-47.516667,"Guimar„es, PJF",1319
"aegopogon",-16.7686,-47.6136,"Guimar„es, PJF",1202
"albescens",-14.120864,-47.653017,"Meyer, FS",1248
"albescens",-14.071511,-47.391086,"Meyer, F.S.",815
"albescens",-15.85,-52.267,"Meyer, F. S.",519
"albescens",-13.566944,-45.084722,"Freitas, A.L.",727
"albescens",-14.133333,-47.45,"Guimar„es, PJF",1252
"albescens",-14.55,-60.916667,"C. A. Todzia (TEX)",220
"albescens",-13.766667,-47.5,"Guimar„es, PJF",948
"albescens",-14.58194,-60.84111,"C. A. Todzia (TEX)",222
"albescens",-14.116667,-47.516667,"Wurdack, J",1319
"albescens",-14.116667,-47.516667,"Wurdack, J",1319
"albescens",-14.116667,-47.516667,"Wurdack, J",1319
"albescens",-14.116667,-47.516667,"Wurdack, JJ",1319
"albescens",-14.116667,-47.5,"Guimar„es, PJF",1319
"albescens",-14.116667,-47.516667,"Guimar„es, PJF",1319
"albescens",-14,-47,"Meyer, FS",454
"albescens",-14.1103,-47.5103,"C. A. Todzia",1319
"albescens",-14.0755,-47.4754,"C. A. Todzia",1132
"albescens",-14.104,-47.4658,"J. J. Wurdack",1179
"albescens",-13.8162297263192,-47.2651251433805,"C. A. Todzia",895
"albescens",-14.116667,-47.516667,"Todzia, CA",1319
"albescens",-14.1167,-47.5167,"C. A. Todzia",1319
"albescens",-14.38,-47.53,"J. J. Wurdack",1118
"albescens",-14,-47,"Guimar„es, PJF",454
"albescens",-14.1167,-47.65562,"F. S. Meyer",1248
"albescens",-14.1167,-47.52596,"J. J. Wurdack",1319
"albescens",-14.116667,-47.516667,"Wurdack, JJ",1319
"aspera",-2.424906,-48.42,"Freitas, M.G.O.",42
"aspera",-4.596111,-60.158056,"Meyer, F.S.",43
"aspera",-3.391944,-61.442222,"M.J.R. Rocha et P.J. Guimar„es",40
"aspera",-4.492222,-61.164167,"M.J.R. Rocha et P.J. Guimar„es",48
"aspera",-3.391944,-61.442222,"M.J.R. Rocha e P.J. Guimar„es",40
"aspera",-4.4922,-61.1642,"M. J. R. Rocha; P. J. F. Guimar„es",48
"aspera",-9.4458,-64.7797,"F. S. Meyer",106
"aspera",-0.5767,-51.1758,"F. S. Meyer",20
"aspera",-4.083333,-41.733333,"Meyer, FS",172
"aspera",-5.026461,-42.420771,"J.G. Freitas; Guimar„es",172
"aspera",3.433333,-59.766667,"Wurdack, JJ",85
"aspera",3.43333,-59.76666,"J.J. Wurdack",85
"aspera",6.5,-58.16666,"J. Wurdack",20
"aspera",6.5,-58.1667,"J. J. Wurdack",28
"aspera",4.81667,-60.0167,"Wurdack, J. J., (US), US (UNITED STATES)",655
"aspera",4.36,-67.73,"Wurdack, J. J., (US), US (UNITED STATES)",109
"aspera",5.4,-67.61,"Wurdack, J. J., (US), US (UNITED STATES)",151
"aspera",4.9,-68.33333,"Guimar„es",100
"aspera",4.55,-71.33333,"Guimar„es",170
"aspera",-8.266667,-72.78,"Todzia, C.A.",218
"aspera",-8.26666,-72.78333,"C. Todzia",218
"aspera",-8.27,-72.78,"C. A. Todzia",218
"aspera",5.41,-53.06,"Wurdack, J. J., (US), US (UNITED STATES)",15
"aspera",5.36666,-58.11666,"J.J. Wurdack",47
"aspera",1.65,-58.63333,"J.J. Wurdack",242
"aspera",7.11,-63.23,"Wurdack, J. J., (US), US (UNITED STATES)",284
"aspera",5.15,-67.75,"Wurdack, J. J., (US), US (UNITED STATES)",88
"aspera",5.55,-57.66666,"J. j. Wurdack",32
"aspera",5.316667,-61.05,"J.J. Wurdack",1010
"aspera",5,-61.16666,"J.J. Wurdack",930
"aspera",3.88,-58.91,"Guimar„es, P. J. F.",81
"aspera",5.6,-57.58,"Wurdack, J. J., (US), US (UNITED STATES)",17
"aspera",-10.73,-65.25,"J. J. Wurdack",182
"aspera",-12.45,-67.616667,"J.J. Wurdack (US)",181
"aspera",4.1642,-60.58,"Wurdack, J.J.",113
"aspera",2.883333,-54.07,"Wurdack, J.J.",189
"aspera",1.3,-60.58,"Wurdack, J.J.",77
"aspera",1.3,-60.58333,"J.J. Wurdack",77
"aspera",2.88,-54.06,"Wurdack, J. J., (US), US (UNITED STATES)",189
"aspera",-10.733333,-65.25,"Wurdack, J.J.",182
"aspera",-10.73333,-65.25,"J. Wurdack",182
"aspera",-1.083333,-53.17,"Wurdack, J.J.",147
"aspera",-3.03,-60.58,"J. J. Wurdack",14
"aspera",3.61,-53.2,"Todzia, C. A., (TEX), University of Texas Austin",232
"aspera",-2.666667,-60.33,"Wurdack, J.J.",31
"aspera",-2.666667,-60.333333,"J. J. Wurdack",31
"aspera",4.66666,-61.55,"J. Wurdack",961
"aspera",5.71666,-57.53333,"J J. Wurdack",18
"aspera",3.1,-59.4,"Wurdack, J. J., (US), US (UNITED STATES)",397
"aspera",5.3,-69.01666,"J. Wurdack (US)",90
"aspera",4.5,-61.58333,"J. Wurdack",862
"aspera",4.5,-61.5,"Carol A Todzia (TEX)",984
"aspera",4.2,-51.65,"Wurdack, J. J., (US), US (UNITED STATES)",24
"aspera",4.81,-67.43,"Wurdack, J. J., (US), US (UNITED STATES)",109
"aspera",4.36,-61.75,"Wurdack, J. J., (US), US (UNITED STATES)",570
"aspera",4.31666,-61.73333,"J.J. Wurdack (US)",497
"aspera",7.35,-62.71,"Wurdack, J. J., (US), US (UNITED STATES)",274
"aspera",13.53333,-84.23333,"C.A. Todzia",27
"aspera",14.01666,-83.4,"C.A. Todzia",6
"aspera",7.46666,-63.23333,"Wurdack",389
"aspera",11.983333,-83.766667,"C.A. Todzia, 2002 (TEX)",10
"aspera",-0.98333,-54.98333,"J.J. Wurdack",321
"aspera",-7.516667,-63.166667,"Paulo Guimar„es",71
"aspera",-1.05,-48.12,"Wurdack, J.J.",34
"aspera",-1.05,-48.116667,"J.J. Wurdack",34
"aspera",-1.05,-48.116667,"J. J. Wurdack",34
"aspera",5.36666,-67.55,"J.J. Wurdack",181
"aspera",-2.17505641973007,-56.7457052359991,"J. J. Wurdack",6
"aspera",5.61,-66.13,"Wurdack, J. J., (US), US (UNITED STATES)",172
"aspera",5.31,-66.28,"Wurdack, J. J., (US), US (UNITED STATES)",535
"aspera",4.78,-52.35,"Wurdack, J. J., (US), US (UNITED STATES)",17
"aspera",5.85,-67.41666,"J.J. Wurdack",90
"aspera",4.05,-66.81,"Wurdack, J. J., (US), US (UNITED STATES)",103
"aspera",5.8,-67.33,"Wurdack, J. J., (US), US (UNITED STATES)",120
"aspera",9.13333,-62.83333,"J. Wurdack",19
"aspera",5.35,-67.666667,"Carol A Todzia (TEX)",111
"aspera",-7.5,-57.25,"Wurdack, J.J.",335
"aspera",9.266667,-62.933333,"J. Wurdack",29
"aspera",9.170278,-79.420278,"John Wurdack",472
"aspera",8.81666,-62.45,"J. Wurdack",24
"aspera",9.12055,-79.04611,"J. Wurdack, US",10
"aspera",5.53,-54.8,"Wurdack, J. J., (US), US (UNITED STATES)",18
"aspera",14.73333,-83.88333,"J. J. Wurdack",59
"aspera",14.75,-83.88333,"J. J. Wurdack",59
"aspera",2.416667,-60.18,"Wurdack, J.J.",135
"aspera",2.42,-60.18,"Wurdack, J.J.",135
"aspera",0.424722,-60.187222,"Wurdack    , J.J",123
"aspera",3.41,-65.66,"Wurdack, J. J., (US), US (UNITED STATES)",1619
"aspera",3.61,-52.31,"Wurdack, J. J., (US), US (UNITED STATES)",137
"aspera",0.733333,-51.366667,"Wurdack, J.J.",81
"aspera",3.33,-56.81,"Wurdack, J. J., (US), US (UNITED STATES)",236
"aspera",3.16666,-56.48333,"J.j. wurdack",294
"aspera",0.333333,-56.816667,"Wurdack, J.J.",214
"aspera",3.1,-56.46,"Wurdack, J. J., (US), US (UNITED STATES)",244
"aspera",0.73,-51.37,"Wurdack, J.J.",81
"aspera",-0.03,-51.08,"Wurdack, J.J.",12
"aspera",3.38,-59.78,"Wurdack, J. J., (US), US (UNITED STATES)",88
"aspera",-2.93778648539846,-44.2352209866645,"A. C. Brade",10
"aspera",4.98,-60.61,"Wurdack, J. J., (US), US (UNITED STATES)",1293
"aspera",4.41,-65.83,"Wurdack, J. J., (US), US (UNITED STATES)",223
"aspera",-1.03515,-48.125749,"J. J. Wurdack",24
"aspera",-0.8583,-48.1417,"F.S. Meyer",11
"barbigera",-15.801111,-48.834722,"Freitas, A.L.",1205
"bipenicillata",-14.53,-54.51,"Meyer, F.S.",439
"bipenicillata",5.96,-67.36,"Wurdack, J. J., (US), US (UNITED STATES)",67
"bipenicillata",8.916667,-71.683333,"C.A. Todzia, 2002 (TEX)",12
"bipenicillata",6.83,-66.5,"Todzia, C. A., (TEX), University of Texas Austin",178
"bipenicillata",6.83333,-66.5,"Carol A. Todzia",178
"bipenicillata",9.7,-69.533333,"J.J. Wurdack",874
"bipenicillata",9.42416,-69.50861,"J.J. wurdack",715
"bipenicillata",5.68,-67.18,"Todzia, C. A., (TEX), University of Texas Austin",650
"bipenicillata",5.85,-67.483333,"J.J. Wurdack",62
"bipenicillata",5.75,-67.5,"J. Wurdack",91
"bipenicillata",5.53,-67.53,"Todzia, C. A., (TEX), University of Texas Austin",106
"bipenicillata",8.540833,-81.157222,"C.A. Todzia, 2002 (TEX)",908
"bipenicillata",5.55,-67.59,"Wurdack, J. J., (US), US (UNITED STATES)",66
"bipenicillata",7.8,-80.75,"C.A. Todzia, 2002 (TEX)",317
"bipenicillata",6.03,-67.36,"Todzia, C. A., (TEX), University of Texas Austin",60
"bipenicillata",4.157558,-73.635531,"C. Todzia (LL, TEX)",537
"catharinae",5.1,-67.3,"Wurdack, J. J., (US), US (UNITED STATES)",955
"catharinae",4.98,-67.3,"Wurdack, J. J., (US), US (UNITED STATES)",883
"catharinae",5.1,-67.4,"Wurdack, J. J., (US), US (UNITED STATES)",751
"catharinae",4.86,-67.45,"Wurdack, J. J., (US), US (UNITED STATES)",290
"catharinae",4.95,-67.4,"Wurdack, J. J., (US), US (UNITED STATES)",903
"catharinae",4.95,-67.4,"Wurdack, J. J., (US), US (UNITED STATES)",903
"dissitiflora",5.75,-66.05,"Wurdack, J. J., (US), US (UNITED STATES)",1743
"dissitiflora",1.53333,-65.81666,"J. Wurdack",792
"dissitiflora",1.433333,-65.783333,"Carol A Todzia (TEX)",413
"dissitiflora",1.43,-65.78,"Todzia, C. A., (TEX), University of Texas Austin",413
"dissitiflora",0.908333,-66.04,"Wurdack, J.J.",867
"dissitiflora",0.9,-66.04,"Todzia, C. A., (TEX), University of Texas Austin",867
"dissitiflora",5.91666,-66.38333,"J.J. Wurdack",1550
"dissitiflora",5.91,-66.38,"Wurdack, J. J., (US), US (UNITED STATES)",1550
"dissitiflora",0.86666,-66.08333,"Carol A. Todzia",750
"dissitiflora",0.88138,-66.08333,"J. Wurdack",1275
"dissitiflora",0.9,-66.066667,"Carol A Todzia (TEX)",1275
"dissitiflora",0.881389,-66.083333,"Wurdack, JJ",1275
"dissitiflora",0.78333,-66.18333,"J.J.Wurdack (US)",740
"dissitiflora",1.5,-65.85,"Wurdack, J. J., (US), US (UNITED STATES)",886
"dissitiflora",0.98,-65.93,"Wurdack, J. J., (US), US (UNITED STATES)",1443
"dissitiflora",7.1225,-66.16944,"Wurdack, J. J. (1956)",201
"duidae",4.41,-65.53,"Wurdack, J. J., (US), US (UNITED STATES)",1140
"duidae",4.8,-64.53,"Wurdack, J. J., (US), US (UNITED STATES)",1741
"duidae",3.83,-65.71,"Wurdack, J. J., (US), US (UNITED STATES)",685
"duidae",4.58333,-64.25,"Carol A. Todzia",1549
"duidae",4.58,-64.25,"Wurdack, J. J., (US), US (UNITED STATES)",1549
"duidae",4.51666,-65.58333,"Carol A. Todzia",896
"duidae",3.23,-65.56,"Wurdack, J. J., (US), US (UNITED STATES)",157
"duidae",4.81,-64.56,"Wurdack, J. J., (US), US (UNITED STATES)",1803
"duidae",4.81,-64.56,"Wurdack, J. J., (US), US (UNITED STATES)",1803
"duidae",4.75,-64.43,"Wurdack, J. J., (US), US (UNITED STATES)",1322
"duidae",4.41,-65.83,"Todzia, C. A., (TEX), University of Texas Austin",223
"edmundoi",-6.050278,-50.126389,"Paulo Guimar„es",579
"edmundoi",-6.052778,-50.126389,"Guimar„es, P.",579
"edmundoi",-6.641589,-51.97281,"F. S. Meyer",199
"fraterna",2.58333,-59.3667,"Wurdack, J. J., (US), US (UNITED STATES)",151
"fraterna",5.9,-61.0333,"Wurdack, J. J., (US), US (UNITED STATES)",1055
"fraterna",5.46667,-60.0667,"Wurdack, J. J., (US), US (UNITED STATES)",742
"fraterna",5.46667,-60.0667,"Wurdack, J. J., (US), US (UNITED STATES)",742
"fraterna",5.85,-62.03333,"Carol A. Todzia",1565
"fraterna",5.85,-62.03,"Wurdack, J. J., (US), US (UNITED STATES)",1565
"fraterna",3.633333,-65.466667,"Carol A Todzia (TEX)",1745
"fraterna",3.25,-65.71666,"Carol A Todzia (TEX)",170
"fraterna",3.58,-65.38,"Wurdack, J. J., (US), US (UNITED STATES)",821
"fraterna",5.66666,-61.5,"Carol A Todzia (TEX)",1274
"fraterna",5.833333,-62.683333,"J. Wurdack",742
"fraterna",5.933333,-62.566667,"J. Wurdack",1581
"fraterna",3.6,-65.38333,"Carol A. Todzia",2033
"fraterna",3.6,-65.38,"Wurdack, J. J., (US), US (UNITED STATES)",2033
"fraterna",3.83,-65.33,"Wurdack, J. J., (US), US (UNITED STATES)",901
"fraterna",5.08333,-61.11666,"Carol A Todzia (TEX)",878
"fraterna",5.08,-61.11,"Wurdack, J. J., (US), US (UNITED STATES)",878
"fraterna",5.91,-61,"Wurdack, J. J., (US), US (UNITED STATES)",1055
"fraterna",5.95,-60.63,"Wurdack, J. J., (US), US (UNITED STATES)",651
"fraterna",3.16,-65.51,"Wurdack, J. J., (US), US (UNITED STATES)",127
"fraterna",5.93,-61.4,"Wurdack, J. J., (US), US (UNITED STATES)",1401
"fraterna",5.91,-62.55,"Wurdack, J. J., (US), US (UNITED STATES)",1589
"fraterna",5.05,-61.36,"Wurdack, J. J., (US), US (UNITED STATES)",1192
"fraterna",5.91,-62.53,"Wurdack, J. J., (US), US (UNITED STATES)",1280
"johnwurdackiana",-16.065858,-50.178486,"Meyer, FS",777
"johnwurdackiana",-16.366667,-51.366389,"Ana Luiza Freitas Oliveira",445
"johnwurdackiana",-16.035709,-50.104255,"Meyer, F.S.",724
"johnwurdackiana",-16.066667,-50.183333,"Guimar„es, PJF",777
"johnwurdackiana",-14,-50,"C.A. Todzia",308
"kunhardtii",5.08,-67.31,"Wurdack, J. J., (US), US (UNITED STATES)",910
"kunhardtii",4.95,-67.4,"Wurdack, J. J., (US), US (UNITED STATES)",903
"llanorum",-13.65388,-60.83111,"J.J. Wurdack (US)",195
"llanorum",-13.55083,-61.05861,"J.J. Wurdack (US)",178
"llanorum",-13.55083,-61.05861,"J.J. Wurdack (US)",178
"llanorum",6.66,-65.71,"Wurdack, J. J., (US), US (UNITED STATES)",118
"llanorum",6.28333,-67.08333,"Carol A. Todzia",125
"llanorum",6.28,-67.08,"Wurdack, J. J., (US), US (UNITED STATES)",125
"llanorum",6.83333,-66.5,"Carol A. Todzia",178
"llanorum",-13.08333,-67.25,"J.j. Wurdack",165
"llanorum",9.30833,-69.7,"Carol A. Todzia",478
"llanorum",5.53,-65.95,"Todzia, C. A., (TEX), University of Texas Austin",118
"llanorum",6.44,-67.12,"Todzia, C. A., (TEX), University of Texas Austin",85
"llanorum",-13.6,-61,"J. Wurdack",178
"mathaei",-6.08333,-77.15,"Carol A. Todzia (TEX)",821
"melastomoides",-12.348,-46.338,"Freitas, A.L.",783
"melastomoides",-16.403053,-49.252211,"Meyer, FS",913
"melastomoides",-13.65,-47.819167,"Freitas-Oliveira, AL; Rodrigues, JL",821
"melastomoides",-14.120864,-47.653017,"Meyer, FS",1248
"melastomoides",-14.179722,-47.842222,"Paulo Guimar„es",858
"melastomoides",-14.185556,-47.626944,"Meyer, FS",1224
"melastomoides",-15.798889,-48.818611,"Romero, R",1178
"melastomoides",-15.798889,-48.818611,"Romero, R.",1178
"melastomoides",-14.235278,-47.905833,"Freitas, A.L.",654
"melastomoides",-13.823083,-47.457639,"Guimar„es, PJF",806
"melastomoides",-13.3775,-48.050277,"A. L. Freitas",393
"melastomoides",-13.3775,-48.050278,"Freitas, A.L.",393
"melastomoides",-10.55,-46.75,"Guimar„es, PJF",413
"melastomoides",-7.357222,-48.372222,"P. Guimar„es",230
"melastomoides",-13.71889,-48.29944,"P. J. F. Guimar„es",854
"melastomoides",-14.488611,-48.557222,"Ana Luiza Freitas Oliveira",595
"melastomoides",-14.161111,-47.790833,"Freitas, AL",1100
"melastomoides",-13.966667,-48.3,"Meyer, FS",443
"melastomoides",-13.662222,-48.268055,"P. J. F. Guimar„es",741
"melastomoides",-10.283333,-48.216667,"Guimar„es, P",427
"melastomoides",-14.35,-48.2,"P. J. F. Guimar„es",470
"melastomoides",-14.63333,-48.96667,"P. J. F. Guimar„es",469
"melastomoides",-14.45,-49.08333,"P. J. F. Guimar„es",512
"melastomoides",-14.36667,-48.2,"P. J. F. Guimar„es",470
"melastomoides",-15.55,-48.25,"P. J. F. Guimar„es",1273
"melastomoides",-13.566666,-48.166667,"P. J. F. Guimar„es",406
"melastomoides",-14.32,-48.4,"Meyer, F.S.",939
"melastomoides",-15.533333,-47.55,"Freitas, AL",1049
"melastomoides",-11.433333,-47.566667,"Ana Luiza Freitas Oliveira",514
"melastomoides",-13.7975,-47.4583,"Freitas, AL",806
"melastomoides",-13.86327,-47.5,"J. J. Wurdack",747
"melastomoides",-10.77306,-53.08972,"Todzia, C. A. (2002)",271
"nigricans",-14.131111,-47.669167,"Meyer, F.S.",1248
"nigricans",-14.143056,-47.703056,"Ana Luzia Freitas Oliveira",1248
"papyrus",-16.065858,-50.178486,"Meyer, FS",777
"papyrus",-16.035709,-50.104255,"Meyer, F.S.",724
"papyrus",-15.8025,-48.847222,"Freitas, AL",1205
"papyrus",-16.1306220867293,-50.2156233906965,"V. L. Gomes-Klein; E. F. Guimar„es",580
"papyrus",-15.95,-50.033333,"Wurdack, JJ",837
"papyrus",-15.95,-50.03,"P. J. F. Guimar„es",837
"papyrus",-15.95,-50.03,"Guimar„es, P.J.F.",837
"papyrus",-14.159167,-47.785278,"Freitas, AL",1100
"papyrus",-15.85,-48.78195,"C. A. Todzia",1051
"papyrus",-14.000618,-50.000564,"Carol A. Todzia",308
"papyrus",-16.0611,-50.00122,"J. J. Wurdack",765
"verticillaris",-16.065858,-50.178486,"Meyer, FS",777
"verticillaris",-16.035709,-50.104255,"Meyer, F.S.",724
"verticillaris",-9.69,-52.606,"Meyer, F. S.",270
"verticillaris",-8.807778,-49.082778,"Meyer, FS",226
"verticillaris",-10.916944,-49.630556,"P. Guimar„es",184
"verticillaris",-15.030833,-56.362222,"J.G.Freitas & P.Guimar„es",259
"verticillaris",-14.396,-46.572917,"Freitas, AL",530
"verticillaris",-13.81667,-48.43333,"P. J. F. Guimar„es",501
"verticillaris",-13.5425,-48.000556,"P. Guimar„es",403
"verticillaris",-13.417222,-47.080278,"Freitas, AL",398
"verticillaris",-15.8106,-54.9178,"Guimar„es, PJF",320
"verticillaris",-7.583333,-46.833333,"Meyer, F.S.",269
"verticillaris",-7.583333,-46.083333,"Meyer, FS",264
"verticillaris",-11.698,-51.428,"Meyer, F. S.",255
"verticillaris",-11.575,-50.977,"Meyer, F. S.",195
"verticillaris",-11.3431,-50.5837,"Meyer, F.S.",189
"verticillaris",-12.85,-49.1,"Guimar„es, PJF",298
"verticillaris",-13.586111,-48.3125,"P. J. F. Guimar„es",500
"verticillaris",-10.253611,-48.095833,"Guimar„es, P",632
"verticillaris",-17.366667,-52.166667,"Guimar„es, P",820
"verticillaris",-13.466666,-48.383333,"P. J. F. Guimar„es",453
"verticillaris",-16,-50.133333,"Guimar„es, PJF",551
"verticillaris",-3.416667,-48.62,"Todzia, C.A.",108
"verticillaris",-14.568,-49.51,"Carol A. Todzia",405
"verticillaris",-8.5006,-48.6008,"C. A. Todzia",460
"verticillaris",-15.916667,-50.15,"Wurdack, J.J.",514
"verticillaris",-6.816667,-47.82,"Todzia, C.A.",387
"verticillaris",-15.92,-50.15,"Wurdack, J.J.",514
"verticillaris",-15.916667,-50.15,"Guimar„es, PJF",514
"verticillaris",-6.82,-47.82,"C. A. Todzia",387
"verticillaris",-15.92,-50.15,"J. J. Wurdack",514
"verticillaris",-13.65,-48.416667,"ANA LUIZA FREITAS",574
"verticillaris",-14.733333,-52.333333,"Guimar„es, PJF",299
"verticillaris",-17.716667,-48.366667,"C. A. Todzia",784
"verticillaris",-14.116667,-47.516667,"Freitas, AL",1319
"verticillaris",-13.273667550479,-47.2204212748853,"J. J. Wurdack",784
"verticillaris",-13.4736720780612,-47.2304222730263,"J. J. Wurdack",489
"verticillaris",-13.4536716251006,-47.2304222379731,"C. A. Todzia",461
"verticillaris",-18.03476,-43.3833,"J. J. Wurdack",820
"verticillaris",-14.54942,-48.45,"C. A. Todzia",719
"verticillaris",-15.85,-48.75395,"C. A. Todzia",1051
"verticillaris",-17.84727,-47.61584,"C. A. Todzia",805
"verticillaris",-12.9,-51.87,"Wurdack, J.J.",365
"verticillaris",-12.9,-51.866667,"Guimar„es, PJF",365
"verticillaris",-10.166667,-48.883333,"Meyer, FS",364
"verticillaris",-15.85,-52.25,"Wurdack, J.J.",519
"verticillaris",-15.8,-48.77,"C. A. Todzia",1126
"verticillaris",-15.85,-52.25,"J. J. Wurdack",519
"verticillaris",-8.93,-48.52,"F. S. Meyer",304
"verticillaris",-12.9,-51.87,"Meyer, F.S.",365
"verticillaris",-12.9,-51.866667,"Guimar„es, PJF",365
"verticillaris",-12.9,-51.866667,"P. Guimar„es",365
"verticillaris",-14.666667,-52.35,"Guimar„es, PJF",289
"verticillaris",-12.32,-51.77,"Meyer, F.S.",325
"verticillaris",-12.816667,-51.766667,"Guimar„es, PJF",332
"verticillaris",-16.15922,-50.1333,"J. J. Wurdack",670
"verticillaris",-10.773109,-53.08982,"John Julius Wurdack",271
"verticillaris",-6.616667,-45.883333,"Guimar„es, P.",474
"verticillaris",-14.4739,-48.4597,"Guimar„es, PJF",633
"rosanae",-9.756,-52.635,"Meyer, F. S.",270
"rosanae",-9.753,-52.632,"Meyer, F. S.",270
"exasperata",-15.841099,-48.746796,"Meyer, F.S.",1151
"huberi",5.66,-65.13,"Wurdack, J. J., (US), US (UNITED STATES)",842
"huberi",5.55,-65.21,"Wurdack, J. J., (US), US (UNITED STATES)",2172
"huberi",6,-65.71,"Wurdack, J. J., (US), US (UNITED STATES)",704
"pogonanthera",-15.85,-52.267,"Meyer, F. S.",519
"pogonanthera",-13.529444,-48.0675,"Guimar„es, P",358
"pogonanthera",-13.529444,-48.0675,"Guimar„es, P.",358
"pogonanthera",-13.417222,-48.080278,"Guimar„es, P",400
"pogonanthera",-13.417222,-48.080278,"Guimar„es, P.",400
"pogonanthera",-10.55,-46.75,"P. J. F. Guimar„es",413
"pogonanthera",-0.416667,-48.616667,"Wurdack, J.J.",3
"spruceana",5.68333,-66.15,"Carol A Todzia (TEX)",1003
"spruceana",5.25,-67.9,"Carol A. Todzia (LL, TEX)",78
"spruceana",5.25,-67.9,"Wurdack, J.",78
"spruceana",4.91,-67.71,"Wurdack, J. J., (US), US (UNITED STATES)",97
"spruceana",6.41666,-67.41666,"Carol A. Todzia",53
"spruceana",-0.583333,-64.67,"Wurdack, J.J.",56
"spruceana",-16.166667,-49.433333,"Wurdack, JJ",908
"spruceana",-16.166667,-49.433333,"Wurdack, JJ",908
"spruceana",0.58333,-64.66666,"Carol A. Todzia",74
"spruceana",-0.583333,-64.666667,"Wurdack, J.J.",56
"spruceana",-10.651944,-65.464722,"C. Todzia (TEX)",145
"spruceana",5.3,-66.03,"Wurdack, J. J., (US), US (UNITED STATES)",116
"spruceana",4.81,-64.56,"Wurdack, J. J., (US), US (UNITED STATES)",1803
"spruceana",-11.8311,-53.4231,"J. J. Wurdack",311
"spruceana",5.1,-67.8,"Wurdack, J. J., (US), US (UNITED STATES)",90
"spruceana",3.16,-65.55,"Wurdack, J. J., (US), US (UNITED STATES)",133
"spruceana",5.65,-67.63,"Wurdack, J. J., (US), US (UNITED STATES)",79
"spruceana",3.16,-65.55,"Wurdack, J. J., (US), US (UNITED STATES)",133
"spruceana",3.75,-66.8,"Wurdack, J. J., (US), US (UNITED STATES)",118
"spruceana",4.91666,-67.71666,"Carol A. Todzia",97
"spruceana",4.98333,-67.71666,"Carol A. Todzia",103
"spruceana",5.25,-67.9,"Wurdack, J.",78
"steyermarkii",4.8,-64.53,"Guimaraes, P.",1741
"steyermarkii",4.69,-64.22,"Wurdack, J. J., (US), US (UNITED STATES)",1278
"striphnocalyx",3.51,-67.36,"Wurdack, J. J., (US), US (UNITED STATES)",111
"striphnocalyx",3.66,-66.86,"Wurdack, J. J., (US), US (UNITED STATES)",105
"striphnocalyx",3.2,-67.4,"Wurdack, J. J., (US), US (UNITED STATES)",90
"striphnocalyx",3.916667,-67.566667,"J.J. Wurdack",107
"striphnocalyx",3.93,-67.58,"Wurdack, J. J., (US), US (UNITED STATES)",107
"striphnocalyx",0.83333,-66.11666,"J.J. Wurdack",510
"striphnocalyx",0.83,-66.11,"Wurdack, J. J., (US), US (UNITED STATES)",510
"striphnocalyx",0.833333,-66.083333,"J.J.Wurdack (US)",1545
"striphnocalyx",0.833333,-66.116667,"J.J. Wurdack",510
"striphnocalyx",0.83,-66.08,"Wurdack, J. J., (US), US (UNITED STATES)",1545
"striphnocalyx",0.846667,-66.091667,"J.J. Wurdack",820
"striphnocalyx",1.83333,-66.91666,"J.J. Wurdack",108
"striphnocalyx",4.86,-67.45,"Wurdack, J. J., (US), US (UNITED STATES)",290
"striphnocalyx",1.91666,-67.06666,"J.J. Wurdack",92
"striphnocalyx",1.91666,-67.05,"J.J. Wurdack",92
"striphnocalyx",1.933333,-67.05,"J. Wurdack",94
"striphnocalyx",1.91666,-67.05,"J.J. Wurdack",92
"striphnocalyx",1.91666,-67.08333,"J.J. Wurdack",92
"striphnocalyx",1.933333,-67.033333,"Wurdack, JJ",106
"striphnocalyx",2.75,-67.55,"Wurdack, J. J., (US), US (UNITED STATES)",97
"striphnocalyx",1.7,-66.76,"Wurdack, J. J., (US), US (UNITED STATES)",109
"barbigera",-14.473611,-55.680556,"Guimar„es, E.F. & Mendes, T.S.",351
"barbigera",-16.035709,-50.104255,"Meyer, F.S.",724
"barbigera",-16.851944,-49.239167,"A.L.Freitas",757
"barbigera",-18.606389,-48.303611,"Freitas, A.L.",716
"barbigera",-15.923333,-49.231667,"Freitas, A.L.",691
"barbigera",-15.85,-52.267,"Meyer, F.S.",519
"barbigera",-16.536889,-49.286111,"Freitas, AL",769
"barbigera",-16.518806,-49.146111,"Freitas, AL",791
"barbigera",-16.518806,-49.146111,"Guimar„es, PJF",791
"barbigera",-15.490556,-57.195556,"J.G.Freitas & P.Guimar„es",185
"barbigera",-13.648056,-46.596111,"Freitas, A.L.",492
"barbigera",-13.529444,-47.0675,"Freitas, AL",402
"barbigera",-11.660833,-47.706667,"Meyer, FS",367
"barbigera",-13.618,-53.292,"Meyer, F. S.",388
"barbigera",-13.908,-52.078,"Meyer, F. S.",388
"barbigera",-15.0535,-52.2582,"Meyer, F.S.",345
"barbigera",-15.0535,-52.2582,"Meyer, F.S.",345
"barbigera",-14.617,-56.583,"Meyer, F. S.",277
"barbigera",-14.35,-55.57,"Meyer, F.S.",292
"barbigera",-13.866667,-56.533333,"Meyer, FS",403
"barbigera",-12.634444,-56.335,"Meyer, F.S.",392
"barbigera",-13.51,-56.29,"Meyer, F.S.",390
"barbigera",-13.52,-56.32,"Meyer, F.S.",359
"barbigera",-6.666667,-44.7,"Guimar„es, PJF",252
"barbigera",-10.124444,-48.270556,"Guimar„es, P",486
"barbigera",-14.85,-48.87,"Wurdack, J.J.",695
"barbigera",-14.85,-48.86666,"J. Wurdack",695
"barbigera",-14.85,-48.87,"J. J. Wurdack",695
"barbigera",-17.833333,-55.333333,"Guimar„es, PJF",155
"barbigera",-16.6786,-49.2539,"Freitas, AL",772
"barbigera",-16.033333,-62.083333,"J.J. Wurdack",476
"barbigera",-6.06666,-50.13333,"J. Wurdack",579
"barbigera",-0.333333,-48.333333,"Wurdack, J.J.",NA
"barbigera",-8.05,-50.17,"Todzia, C.A.",294
"barbigera",-8.05,-50.17,"Todzia, C.A.",294
"barbigera",-8.072222,-50.181944,"Carol A. Todzia",294
"barbigera",-6.816667,-47.816667,"Carol a. Todzia",387
"barbigera",-15.7834208090807,-47.9298726661488,"J. J. Wurdack",1127
"barbigera",-15.7834208090807,-47.9298726661488,"J. J. Wurdack",1127
"barbigera",-15.6489,-56.195,"C. A. Todzia",213
"barbigera",-14.4122647873905,-56.4468180174412,"C. A. Todzia",334
"barbigera",-16.17,-59.42,"J. J. Wurdack",386
"barbigera",-15.59167,-47.70833,"P. J. F. Guimar„es",968
"barbigera",-17.1278,-51.8167,"J. J. Wurdack",741
"barbigera",-15.77955,-51.9912,"J. J. Wurdack",327
"barbigera",-15.5997895735814,-56.0977014111779,"J. J. Wurdack",178
"barbigera",-20.4748760783427,-55.7879090641848,"J. J. Wurdack",156
"barbigera",-14.63,-52.23,"Wurdack, J.J.",287
"barbigera",-14.63,-52.23,"J. J. Wurdack",287
"barbigera",-14.63,-52.23,"J. J. Wurdack",287
"barbigera",-12.9,-51.866667,"Guimar„es, PJF",365
"barbigera",-12.9,-51.87,"J. J. Wurdack",365
"barbigera",-12.9455499691,-51.8249179961806,"J. J. Wurdack",377
"barbigera",-16.8270387160443,-49.2444618080405,"J. J. Wurdack",789
"barbigera",-14.13,-52.15,"J. J. Wurdack",324
"barbigera",-17.25,-51.8,"J. J. Wurdack",805
"barbigera",-14.03,-52.12,"J. J. Wurdack",427
"barbigera",-14.6667,-52.33,"J. J. Wurdack",290
"barbigera",-13.92,-52.08,"J. J. Wurdack",437
"barbigera",-9.83938229365265,-48.7258127080231,"C. A. Todzia",366
"barbigera",-13.75,-48.83,"J. J. Wurdack",702
"barbigera",-7.33661711060559,-47.4696293562447,"J. J. Wurdack",166
"barbigera",-12.82,-51.77,"Wurdack, J.J.",332
NA,-25.825,-49.347278,"Meyer, F.S.",914
NA,-25.360972,-49.130389,"Meyer, F.S.",933
NA,-25.470528,-49.65,"Meyer, F.S.",1056
NA,-25.776222,-49.699861,"Meyer, F.S.",915
NA,-25.372306,-49.129806,"Meyer, F.S.",933
NA,-24.589278,-50.248861,"Meyer, F.S.",1057
NA,-25.202944,-49.943917,"Meyer, F.S.",1013
NA,-25.929722,-48.591389,"Meyer, F.S.",10
NA,-25.515806,-48.987056,"Meyer, F.S.",1088
NA,-26.978056,-50.004167,"Meyer, F.S.",509
NA,-10.733333,-65.25,"Wurdack, J.J.",182
NA,-15.866667,-55.383333,"Wurdack, J.J.",747
NA,-12.18305556,-41.99722222,"Wurdack, J. J.",973
NA,-22.3833333,-42.5,"Guimaraes, P.",1235
NA,-9.25,-36.41666667,"Schmitz Meyer, F.",517
NA,-10.77305556,-53.08972222,"Todzia, C. A.",271
NA,-22.4333333,-43,"Guimaraes, P.",1550
NA,-12.18305556,-41.99722222,"Guimaraes, P.",973
NA,-22.48222222,-42.9125,"Guimaraes, P.",419
NA,-19.454361,-43.969944,"P. Guimar√£es",678
NA,-1.05,-48.116667,"Wurdack, J.J.",34
NA,-1.083333,-53.166667,"Wurdack, J.J.",147
NA,1.3,-60.583333,"Wurdack, J.J.",77
NA,-8.266667,-72.783333,"Todzia, C.A.",218
NA,-2.666667,-60.333333,"Wurdack, J.J.",31
NA,2.883333,-54.066667,"Wurdack, J.J.",189
NA,2.416667,-60.183333,"Wurdack, J.J.",135
NA,-8.05,-50.166667,"Todzia, C.A.",294
NA,-8.05,-50.166667,"Todzia, C.A.",294
NA,-16.3,-67.9,"Wurdack, J.J.",3445
NA,-15.8,-48,"Guimar√£es, P.",1123
NA,-16.083333,-68.05,"Wurdack, J.J.",3032
NA,1.533333,-62.8,"Wurdack, J.J.",181
NA,0.908333,-66.041667,"Wurdack, J.J.",1275
NA,-3.333333,-64.733333,"Guimar√£es, P.",30
NA,-15.766667,-47.733333,"Guimar√£es, P.",987
NA,-0.283333,-78.633333,"Wurdack, J.J.",3174
NA,-0.05,-78.583333,"Todzia, C.A.",2886
NA,-0.583333,-64.666667,"Wurdack, J.J.",56
NA,-12.216667,-61.016667,"Wurdack, J.J.",265
NA,-15.733333,-48.083333,"Wurdack, J.J.",1207
NA,-15.733333,-47.733333,"Wurdack, J.J.",1024
NA,-15.666667,-47.666667,"Wurdack, J.J.",955
NA,-15.633333,-47.616667,"Guimar√£es, P.",1022
NA,-15.583333,-47.916667,"Wurdack, J.J.",917
NA,-3.416667,-48.616667,"Todzia, C.A.",108
NA,-15.916667,-50.15,"Wurdack, J.J.",514
NA,-6.816667,-47.816667,"Todzia, C.A.",387
NA,-20.470639,-41.830806,"A.L. Freitas",1998
NA,-17.766667,-48.666667,"Romero, R.",994
NA,-20.335,-46.812778,"Romero, R.",717
NA,-20.3425,-46.767222,"Romero, R.",945
NA,-16.766667,-47.616667,"Wurdack, J.J.",1202
NA,-20.4425,-46.767222,"Romero, R.",726
NA,-20,-46.25,"Romero, R.",896
NA,-20.331389,-46.7925,"Freitas, A.L.",955
NA,-18.1125,-43.340833,"Romero, R.",932
NA,-17.69,-44.198333,"Freitas, A.L.",937
NA,-21.472778,-44.352778,"Romero, R.",996
NA,-21.728333,-44.961944,"Romero, R.",1115
NA,-21.955556,-43.978333,"Freitas, A.L.",1051
NA,-19.816667,-43.666667,"Romero, R.",1220
NA,-20.468333,-43.521389,"Romero, R.",1200
NA,-20.0975,-43.954722,"Romero, R.",1293
NA,-19.823333,-43.685556,"Romero, R.",1220
NA,-20.504444,-43.668056,"Romero, R.",1062
NA,-20.506389,-43.631111,"Romero, R.",1128
NA,-19.823333,-43.686667,"Freitas, A.L.",1220
NA,-19.166667,-43.5,"Freitas, A.L.",1328
NA,-18.693611,-43.458333,"Guimar√£es, P.J.F.",795
NA,-21.961667,-46.369444,"Guimar√£es, P.J.F.",1315
NA,-21.977778,-43.875,"Freitas, A.L.",1189
NA,-20.495278,-43.695833,"Romero, R.",1271
NA,-20.3025,-43.316389,"Freitas, A.L.",724
NA,-20.408056,-43.506944,"Romero, R.",1186
NA,-20.482222,-43.719722,"Romero, R.",1146
NA,-20.25,-43.95,"Romero, R.",1257
NA,-20.462778,-43.541111,"Romero, R.",1200
NA,-20.493889,-43.681111,"Freitas, A.L.",1271
NA,-20.604444,-46.230833,"Romero, R.",988
NA,-20.633889,-46.264722,"Romero, R.",876
NA,-18.401667,-43.317222,"Freitas, A.L.",1320
NA,-19.206944,-43.498889,"Freitas, A.L.",1155
NA,-18.250278,-43.652222,"Freitas, A.L.",1343
NA,-20.481944,-43.720833,"Romero, R.",1146
NA,-19.100833,-48.126667,"Freitas, A.L.",941
NA,-19.866667,-43.966667,"Romero, R.",817
NA,-19.816667,-43.666667,"Romero, R.",1220
NA,-19.885556,-43.436389,"Freitas, A.L.",808
NA,-20.281111,-46.871111,"Romero, R.",864
NA,-20.598611,-46.2925,"Romero, R.",1112
NA,-21.94,-43.824167,"Romero, R.",1147
NA,-21.965833,-43.841389,"Romero, R.",1104
NA,-18.216944,-43.593611,"Freitas, A.L.",1266
NA,-20.491667,-43.701944,"Freitas, A.L.",1271
NA,-20.369167,-43.508611,"Freitas, A.L.",1261
NA,-19.823889,-43.671944,"Freitas, A.L.",1220
NA,-18.25,-43.674722,"Freitas, A.L.",1395
NA,-17.702222,-44.296111,"Freitas, A.L.",1163
NA,-16.853611,-43.032778,"Guimar√£es, P.",973
NA,-19.816667,-43.666667,"Freitas, A.L.",1220
NA,-18.283333,-43.616667,"Romero, R.",1155
NA,-20.702778,-42.475278,"Romero, R.",1410
NA,-21.710833,-44.926389,"Romero, R.",1058
NA,-22.686944,-45.970833,"Freitas, A.L.",1572
NA,-20.4275,-43.474167,"Guimar√£es, P.J.F.",1320
NA,-19.553889,-46.774167,"Romero, R.",1051
NA,-21.725,-44.981389,"Meyer, F.S.",1115
NA,-18.300278,-43.814167,"Guimar√£es, P.J.F.",1263
NA,-20.431944,-43.489722,"Guimar√£es, P.J.F.",1320
NA,-27.451111,-48.508056,"Meyer, FS",4
NA,-26.305833,-51.593056,"Meyer, FS",1032
NA,-28.126667,-49.480028,"Meyer, FS",1233
NA,-27.056667,-49.087778,"Meyer, FS",502
NA,-28.169444,-48.870278,"Meyer, FS",332
NA,-26.910278,-49.500278,"Meyer, FS",884
NA,-28.71,-49.77,"Meyer, FS",305
NA,-26.28,-48.961944,"Meyer, FS",139
NA,-26.9215,-49.071833,"Meyer, FS",72
NA,-27.05,-49.149167,"Meyer, FS",669
NA,-26.459806,-49.590444,"Meyer, FS",898
NA,-26.731833,-51.118889,"Meyer, FS",1132
NA,-26.550056,-49.680083,"Meyer, FS",986
NA,-28.015833,-49.371389,"Meyer, FS",1078
NA,-27.81,-48.866944,"Meyer, FS",637
NA,-27.174167,-49.302222,"Meyer, FS",592
NA,-27.024889,-49.132889,"Meyer, FS",509
NA,-27.54,-51.48,"Meyer, FS",737
NA,-25.382778,-51.510833,"Meyer, FS",1030
NA,-26.243354,-49.534356,"Meyer, FS",811
NA,-26.9055,-49.079139,"Meyer, FS",41
NA,-26.9055,-49.079139,"Meyer, FS",41
NA,-26.9055,-49.079139,"Meyer, FS",41
NA,-26.9055,-49.079139,"Meyer, FS",41
NA,-24.251111,-49.705833,"Meyer, FS",937
NA,-26.682314,-49.838636,"Meyer, FS",510
NA,-27.63,-48.87,"Meyer, FS",380
NA,-26.46,-49.5,"Guimar√£es, P",898
NA,-26.64,-49.68,"Guimar√£es, P",941
NA,-24.217306,-49.696583,"Meyer, FS",853
NA,-26.999444,-48.960278,"Meyer, FS",125
NA,-26.9055,-49.079139,"Meyer, FS",41
NA,-27.625861,-48.884111,"Meyer, FS",504
NA,-27.17375,-49.215139,"Meyer, FS",599
NA,-27.120278,-49.25475,"Meyer, FS",531
NA,-26.978056,-50.004167,"Meyer, FS",509
NA,-26.323611,-49.307222,"Meyer, FS",726
NA,-27.334528,-49.94225,"Meyer, FS",617
NA,-26.9215,-49.071833,"Meyer, FS",72
NA,-26.37,-48.87,"Meyer, FS",23
NA,-25.998889,-48.764722,"Meyer, FS",35
NA,-25.441972,-49.238944,"Meyer, FS",907
NA,-26.828472,-49.9875,"Meyer, FS",585
NA,-26.305278,-48.806944,"Meyer, FS",9
NA,-25.127139,-48.822389,"Meyer, FS",1023
NA,-27.723333,-51.212222,"Meyer, FS",833
NA,-27.902222,-51.033611,"Meyer, FS",808
NA,-27.359222,-50.580806,"Meyer, FS",1009
NA,-27.450278,-49.230556,"Meyer, FS",811
NA,-27.360556,-49.410556,"Meyer, FS",756
NA,-27.114167,-49.209167,"Meyer, FS",646
NA,-26.250556,-49.378611,"Meyer, FS",847
NA,-26.73,-48.694444,"Meyer, FS",11
NA,-25.553611,-48.388056,"Meyer, FS",11
NA,-26.9055,-49.079139,"Meyer, FS",41
NA,-28.805,-49.218056,"Meyer, FS",11
NA,-28.890278,-49.320833,"Meyer, FS",3
NA,-27.904722,-48.599444,"Meyer, FS",4
NA,-19.690239,-44.096503,"John Julius Wurdack; b.1921; d.1988; Wurdack, J.J.",838
NA,-15.883333,-49.675,"John Julius Wurdack; b.1921; d.1988; Wurdack, J.J.",749
NA,-15.883333,-49.675,"John Julius Wurdack; b.1921; d.1988; Wurdack, J.J.",749
NA,-10.773109,-53.08982,"John Julius Wurdack; b.1921; d.1988; Wurdack, J.J.",271
NA,-2.0153055556,-4.60325,"Guimar√£es, P.",NA
NA,-15.5961,-56.0967,"C. A. Todzia",178
NA,-8.93,-48.52,"C. A. Todzia",304
NA,-18.37,-43.7,"J. J. Wurdack",1351
NA,-18.358,-43.6836,"J. J. Wurdack",1351
NA,-18.27,-43.7,"J. J. Wurdack",1395
NA,-13.86327,-47.5,"J. J. Wurdack",747
NA,-18.17235,-43.5611111,"J. J. Wurdack",1301
NA,-10.17,-51.23,"J. J. Wurdack",245
NA,-9.58,-54.92,"C. A. Todzia",385
NA,-18.348,-43.6719,"J. J. Wurdack",1351
NA,-16.5517,-42.895,"C. A. Todzia",913
NA,-13.7767,-47.2644,"J. J. Wurdack",751
NA,-15.5961,-56.0967,"J. J. Wurdack",178
NA,-12.5292,-41.5589,"J. J. Wurdack",777
NA,-13.0056,-41.3706,"J. J. Wurdack",1019
NA,-22.8394,-42.1028,"J. J. Wurdack",5
NA,-12.5292,-41.5589,"J. J. Wurdack",777
NA,-10.3,-40.25,"J. J. Wurdack",749
NA,-13.4411,-40.4306,"J. J. Wurdack",952
NA,-20.37495,-43.41805556,"J. J. Wurdack",841
NA,-15.88,-48.95,"C. A. Todzia",859
NA,-14.13,-46.37,"J. J. Wurdack",807
NA,-16.73193,-47.6,"J. J. Wurdack",1170
NA,-16,-48,"J. J. Wurdack",1184
NA,-15.7797,-47.9294,"J. J. Wurdack",1127
NA,-15.8,-47.82397,"J. J. Wurdack",1040
NA,-16.0611,-50.00122,"J. J. Wurdack",765
NA,-16.03204,-48.8086,"J. J. Wurdack",1010
NA,-14.1167,-47.70192,"C. A. Todzia",1201
NA,-16.72289,-47.6,"J. J. Wurdack",1170
NA,-15.8,-48.77,"J. J. Wurdack",1126
NA,-13.74613,-47.5167,"C. A. Todzia",1180
NA,-17.99421,-47.76956,"C. A. Todzia",816
NA,-17.22555,-46.8727,"J. J. Wurdack",686
NA,-17.05385,-47.1541,"J. J. Wurdack",852
NA,-15.73555,-47.6874,"J. J. Wurdack",935
NA,-13.94497,-47.5167,"C. A. Todzia",1427
NA,-15.85,-48.85664,"C. A. Todzia",1101
NA,-14.5223,-48.45,"C. A. Todzia",709
NA,-15.7944,-48.7756,"C. A. Todzia",1126
NA,-14.58557,-48.45,"C. A. Todzia",723
NA,-16.82,-47.67,"J. J. Wurdack",1142
NA,-15.7797,-47.9294,"J. J. Wurdack",1127
NA,-14.1325,-47.5097,"J. J. Wurdack",1240
NA,-15.7797,-47.9294,"J. J. Wurdack",1127
NA,-14,-47,"J. J. Wurdack",454
NA,-15.7797,-47.9294,"J. J. Wurdack",1127
NA,-15.7797,-47.9294,"J. J. Wurdack",1127
NA,-19.8656,-47.4397,"R. Romero",896
NA,-18.57,-43.68,"P. J. F. Guimar√£es",1160
NA,-30.276667,-51.015556,"Guimar√£es, O.",17
NA,-30.276667,-51.015556,"Guimar√£es, O.",17
NA,-22.505556,-43.178889,"A. C. Brade",873
NA,-22.730556,-45.590278,"A. C. Brade",1679
NA,-19.921389,-43.938056,"Brade",917
NA,-23.540556,-46.630278,"Brade",738
NA,-19.8025,-40.855833,"A. C. Brade",182
NA,-15.483935,-47.639318,"J. J. Wurdack",960
NA,-20.362786,-40.658705,"J. J. Wurdack",505
NA,-29.05,-51.25,"John J. Wurdack",671
NA,-29.049143,-50.147035,"John J. Wurdack",1000
NA,-26.192803,-49.265918,"J. J. Wurdack",896
NA,-28.662064,-50.439562,"John J. Wurdack",1047
NA,-17.716667,-48.366667,"C. A. Todzia",784
NA,-17.8,-44.2,"P. Guimar√£es",801
NA,-28.169444,-48.870278,"F.S. Meyer",332
NA,-28.126667,-49.480025,"F.S. Meyer",1233
NA,-25.233333,-50,"Meyer, F.S.",860
NA,-20.7175,-43.931944,"Meyer, F.S.",1071
NA,-12.348,-46.338,"Freitas, A.L.",783
NA,-14.166111,-47.780556,"Meyer, F.S.",1100
NA,-22.576389,-45.324167,"Meyer, F.S.",1490
NA,-22.454,-43.011,"Meyer, F.S.",1550
NA,-13.11,-41.376944,"Meyer, F.S.",1185
NA,-25.483333,-48.983333,"Meyer, F.",1009
NA,-24.974444,-49.085833,"Meyer, F.S.",921
NA,-24,-48.991111,"Meyer, F.S.",732
NA,-15.85,-52.267,"Meyer, F. S.",519
NA,-48.776,-25.361,"Meyer, F. S.",NA
NA,-25.066667,-47.083333,"Meyer, F.S.",NA
NA,-24.103611,-52.325833,"Meyer, F.S.",583
NA,-48.699,-25.307,"Meyer, F. S.",NA
NA,-25.476944,-48.834167,"Meyer, F.S.",24
NA,-26.250556,-49.378611,"Meyer, F.S.",847
NA,-23.234,-45.005,"Meyer, F. S.",1177
NA,-25.248,-48.905,"Meyer, F. S.",864
NA,-25.484167,-48.955,"Meyer, F.S.",1163
NA,-24.509444,-50.413611,"Meyer, F.S.",749
NA,-13.169444,-40.766389,"Meyer, F.S.",412
NA,-9.756,-52.635,"Meyer, F. S.",270
NA,-24.251111,-49.705833,"Meyer, F.S.",937
NA,-24.251111,-49.705833,"Meyer, F.S.",937
NA,-21.55,-44.266667,"Meyer, F.S.",1008
NA,-22.8375,-46.511111,"Meyer, F.S.",886
NA,-22.067,-44.283,"Meyer, F.S.",1231
NA,-24.1,-52.316667,"Meyer, F.S.",583
NA,-23.143,-46.358,"Meyer, F. S.",862
NA,-25.221,-48.856,"Meyer, F. S.",1165
NA,-22.880278,-46.306111,"Meyer, F.S.",1244
NA,-19.294,-43.596,"Meyer, F. S.",1020
NA,-44.718056,-22.265,"Meyer, F.S.",NA
NA,-25.851,-48.969,"Meyer, F. S.",814
NA,-25.515,-48.973,"Meyer, F. S.",1088
NA,-22.291,-48.101,"Meyer, F. S.",680
NA,-15.858,-52.279,"Meyer, F. S.",519
NA,-15.867,-51.267,"Meyer, F. S.",355
NA,-21.166389,-45.638333,"Meyer, F.S.",832
NA,-23.525278,-48.746111,"Meyer, F.S.",618
NA,-24.608,-47.877,"Meyer, F. S.",20
NA,-48.777,-25.363,"Meyer, F. S.",NA
NA,-24.461,-47.364,"Meyer, F.S.",13
NA,-27.978,-49.826,"Meyer, F. S.",1460
NA,-25.233333,-50,"Meyer, J.S.",860
NA,-26.764167,-48.671389,"Meyer, F.S.",12
NA,-48.699,-25.307,"Meyer, F. S.",NA
NA,-16.724,-42.928,"Meyer, F. S.",886
NA,-12.854444,-41.310833,"Meyer, F.S.",468
NA,-26.764167,-48.671389,"Meyer, F.S.",12
NA,-6.616667,-45.883333,"Guimar√£es, P.",474
NA,-9.69,-52.606,"Meyer, F. S.",270
NA,-11.575,-50.977,"Meyer, F. S.",195
NA,-11.698,-51.428,"Meyer, F. S.",255
NA,-21.101139,-44.201694,"Meyer, F.S.",977
NA,-15.066667,-50.166667,"J.G.Freitas & P.Guimar√£es",359
NA,-16.851944,-49.239167,"A.L.Freitas",757
NA,-15.490556,-57.195556,"J.G.Freitas & P.Guimar√£es",185
NA,-12.983333,-41.333333,"J.G.Freitas & P.Guimar√£es",1040
NA,-12.55,-41.433333,"P.Guimar√£es",972
NA,-12.560278,-41.403056,"J.G.Freitas & P.Guimar√£es",512
NA,-12.991667,-41.341389,"J.G.Freitas & P.Guimar√£es",986
NA,-12.870833,-41.306944,"J.G.Freitas & P.Guimar√£es",468
NA,-11.243056,-40.73,"J.G.Freitas & P.Guimar√£es",945
NA,-11.328611,-41.1275,"P.Guimar√£es",950
NA,-13,-41.383333,"J.J.Wurdack",1117
NA,-12.566667,-41.383333,"J.G.Freitas & P.Guimar√£es",512
NA,-12.577778,-41.432222,"J.G.Freitas & P.Guimar√£es",972
NA,-12.983333,-41.333333,"J.G.Freitas & P.Guimar√£es",1040
NA,-11.627778,-41.001389,"P.Guimar√£es",934
NA,-11.591389,-41.208056,"P.Guimar√£es",1099
NA,-11.590556,-41.207222,"P.Guimar√£es",1099
NA,-12.31,-40.346944,"P.F.Guimar√£es",358
NA,-11.55,-41.15,"P.Guimar√£es",996
NA,-10.363611,-41.195556,"J.G.Freitas & P.Guimar√£es",922
NA,-12.933333,-38.35,"J.G.Freitas & P.Guimar√£es",21
NA,-21.753056,-45.020556,"J.G.Freitas & P.Guimar√£es",1028
NA,-21.640556,-44.963611,"J.G.Freitas & P.Guimar√£es",959
NA,-18.299444,-43.685,"J.G.Freitas & P.Guimar√£es",1373
NA,-13.271111,-42.098333,"J.G.Freitas & P.Guimar√£es",1093
NA,-20.074444,-44.055556,"J.G.Freitas & P.Guimar√£es",1080
NA,-12.45,-41.466667,"J.G.Freitas & P.Guimar√£es",816
NA,-12.45,-41.466667,"J.G.Freitas & P.Guimar√£es",816
NA,-23.563611,-45.497778,"J.G.Freitas & P.Guimar√£es",759
NA,-10.661667,-40.347222,"J.G.Freitas & P.Guimar√£es",658
NA,-11.380556,-40.546389,"J.G.Freitas & P.Guimar√£es",695
NA,-12.45,-41.466667,"J.G.Freitas & P.Guimar√£es",816
NA,-15.173611,-39.341667,"J.G.Freitas & P.Guimar√£es",482
NA,-12.466667,-41.45,"P.Guimar√£es",915
NA,-11.366667,-40.5,"J.G.Freitas & P.Guimar√£es",947
NA,-10.753333,-40.384722,"P.F.Guimar√£es",646
NA,-12.849722,-39.478889,"J.G.Freitas & P.Guimar√£es",525
NA,-13.261944,-41.924722,"P.F.Guimar√£es",1488
NA,-12.868056,-39.479722,"P.F.Guimar√£es",525
NA,-12.833333,-39.466667,"P.F.Guimar√£es",450
NA,-11.166389,-40.506389,"J.G.Freitas & P.Guimar√£es",576
NA,-11.388333,-40.535556,"J.G.Freitas & P.Guimar√£es",831
NA,-11.334444,-40.498611,"J.G.Freitas & P.Guimar√£es",568
NA,-10.943333,-40.407778,"J.G.Freitas & P.Guimar√£es",499
NA,-17.080556,-43.309722,"J.G.Freitas & P.Guimar√£es",1056
NA,-11.157778,-40.557222,"J.G.Freitas & P.Guimar√£es",496
NA,-13,-41.383333,"J.G.Freitas & P.Guimar√£es",1117
NA,-22.716667,-45.566667,"P.Guimar√£es",1656
NA,-18.2575,-43.516389,"P.J.F.Guimar√£es",1153
NA,-16.216944,-42.871389,"J.G.Freitas & P.Guimar√£es",933
NA,-18.704722,-43.641389,"J.G.Freitas & P.Guimar√£es",1121
NA,-12.25,-38.966667,"P.Guimar√£es",193
NA,-16.555556,-42.895278,"P.Guimar√£es",913
NA,-16.591667,-42.725,"J.G.Freitas & P.Guimar√£es",658
NA,-19.966389,-40.535,"J.G.Freitas & P.Guimar√£es",636
NA,-8.5825,-37.24,"J.G.Freitas & P.Guimar√£es",884
NA,-17.692778,-44.198889,"J.G.Freitas & P.Guimar√£es",937
NA,-13.886111,-42.454167,"J.G.Freitas & P.Guimar√£es",939
NA,-12.7,-39.766667,"P.F.Guimar√£es",232
NA,-13.816667,-42.433333,"P.F.Guimar√£es",932
NA,-13.6,-41.8,"P.F.Guimar√£es",924
NA,-13.533333,-41.866667,"P.F.Guimar√£es",1112
NA,-17.620833,-39.224722,"J.G.Freitas & P.Guimar√£es",5
NA,-12.25,-38.966667,"P.F.Guimar√£es",193
NA,-12.756667,-39.898611,"P.F.Guimar√£es",299
NA,-14.16,-42.496111,"J.G.Freitas & P.Guimar√£es",1022
NA,-10.438611,-39.335833,"P.F.Guimar√£es",455
NA,-12.25,-38.966667,"P.Guimar√£es",193
NA,-12.25,-38.966667,"J.G.Freitas & P.Guimar√£es",193
NA,-12.271944,-39.060833,"J.G.Freitas & P.Guimar√£es",174
NA,-12.25,-38.966667,"J.G.Freitas & P.Guimar√£es",193
NA,-12.231667,-39.076667,"J.G.Freitas & P.Guimar√£es",168
NA,-12.231111,-39.0775,"J.G.Freitas & P.Guimar√£es",168
NA,-13.370833,-41.884722,"J.G.Freitas & P.Guimar√£es",1603
NA,-13.333333,-41.883333,"P.Guimar√£es",1674
NA,-12.025833,-38.639444,"J.G.Freitas & P.Guimar√£es",286
NA,-12.59,-41.3925,"J.G.Freitas & P.Guimar√£es",569
NA,-13.183333,-41.533333,"J.G.Freitas & P.Guimar√£es",1152
NA,-13.316667,-41.816667,"J.G.Freitas & P.Guimar√£es",1046
NA,-13.033333,-41.833333,"J.G.Freitas & P.Guimar√£es",1270
NA,-12.45,-41.466667,"J.G.Freitas & P.Guimar√£es",816
NA,-12.45,-41.683333,"J.G.Freitas & P.Guimar√£es",909
NA,-13.006389,-41.375833,"J.G.Freitas & P.Guimar√£es",1117
NA,-13.316667,-41.55,"J.G.Freitas & P.Guimar√£es",958
NA,-13.314722,-41.256389,"J.G.Freitas & P.Guimar√£es",1134
NA,-16.800556,-43.418611,"J.G.Freitas & P.Guimar√£es",1114
NA,-8.088889,-36.392778,"P.Guimar√£es",580
NA,-10.372222,-40.205,"J.G.Freitas & P.Guimar√£es",691
NA,-13.552222,-41.327778,"J.G.Freitas & P.Guimar√£es",1128
NA,-12.85,-39.466667,"P.Guimar√£es",525
NA,-12.85,-39.466667,"P.Guimar√£es",525
NA,-12.85,-39.466667,"P.Guimar√£es",525
NA,-12.75,-39.533333,"P.Guimar√£es",261
NA,-12.853056,-39.4725,"P.Guimar√£es",525
NA,-12.85,-39.466667,"P.Guimar√£es",525
NA,-12.8525,-39.476111,"P.Guimar√£es",525
NA,-12.969167,-39.476111,"P.Guimar√£es",361
NA,-12.969167,-39.476111,"P.Guimar√£es",361
NA,-12.75,-39.533333,"J.J.Wurdack",261
NA,-12.853056,-39.471944,"P.F.Guimar√£es",525
NA,-12.470278,-37.961944,"J.G.Freitas & P.Guimar√£es",42
NA,-12.315,-37.831389,"J.G.Freitas & P.Guimar√£es",7
NA,-13.233333,-41.9,"P.Guimar√£es",1214
NA,-11.1725,-40.494444,"P.Guimar√£es",575
NA,-10.513611,-40.306944,"J.G.Freitas & P.Guimar√£es",629
NA,-11.055278,-40.655278,"P.F.Guimar√£es",808
NA,-11.190556,-40.509167,"J.G.Freitas & P.Guimar√£es",530
NA,-11.086944,-40.6725,"J.G.Freitas & P.Guimar√£es",850
NA,-12.516667,-41.383333,"J.G.Freitas & P.Guimar√£es",567
NA,-13.5975,-41.828333,"P.Guimar√£es",924
NA,-12.836389,-41.321944,"J.G.Freitas & P.Guimar√£es",468
NA,-11.091111,-40.705556,"J.G.Freitas & P.Guimar√£es",850
NA,-15.030833,-56.362222,"J.G.Freitas & P.Guimar√£es",259
NA,-25.829486,-50.120547,"Meyer, F.S.",827
NA,-14.120864,-47.653017,"Meyer, F.S.",1248
NA,-16.799314,-47.567975,"Meyer, F.S.",1090
NA,-14.164583,-47.82445,"Meyer, F.S.",998
NA,-20.470639,-41.830806,"Meyer, F.S.",1998
NA,-19.6025,-43.66,"Meyer, F.S.",1009
NA,-23.330333,-45.945278,"Meyer, F.S.",635
NA,-23.325556,-45.068056,"Meyer, F.S.",1056
NA,-15.391667,-39.565278,"Meyer, F.S.",559
NA,-20.512361,-41.732944,"Meyer, F.S.",985
NA,-23.245833,-44.993333,"Meyer, F.S.",1161
NA,-20.293172,-44.143233,"Meyer, F.S.",828
NA,-4.083333,-41.733333,"Meyer, F.S.",172
NA,3.433333,-59.766667,"Wurdack, J.J.",85
NA,5,-66.4,"Wurdack, J.J.",125
NA,-16.536889,-49.286111,"Freitas, A.L.",769
NA,-16.518806,-49.146111,"Freitas, A.L.",791
NA,-11.660833,-47.706667,"Meyer, F.S.",367
NA,-13.016667,-41.4,"Romero, R.",1117
NA,-13.166667,-41.35,"Wurdack, J.J.",1138
NA,-13,-41.402778,"Wurdack, J.J.",1117
NA,-22.452778,-43.02,"Meyer, F.S.",1550
NA,-11.090833,-41.209444,"Meyer, F.S.",904
NA,-11.633333,-41.333333,"Guimar√£es, P.",1007
NA,-12.461111,-41.6375,"Guimar√£es, P.",839
NA,-23.645556,-45.6725,"Meyer, F.S.",1089
NA,-16.566667,-42.883333,"Wurdack, J.J.",913
NA,-15.816667,-48.016667,"Freitas, A.L.",1123
NA,-19.343056,-43.5875,"Freitas, A.L.",855
NA,-18.219167,-43.623444,"Freitas, A.L.",1266
NA,-19.572358,-43.964892,"Meyer, F.S.",734
NA,-19.176,-43.510278,"Meyer, F.S.",1328
NA,-20.478333,-43.592222,"Meyer, F.S.",1135
NA,-20.721467,-43.858078,"Meyer, F.S.",995
NA,-19.166667,-43.5,"Guimar√£es, P.",1328
NA,-21.303333,-43.473778,"Meyer, F.S.",789
NA,-21.533111,-45.232333,"Meyer, F.S.",1005
NA,-19.833333,-43.6825,"Meyer, F.S.",1220
NA,-20.72545,-43.854425,"Meyer, F.S.",995
NA,-23.991111,-46.743333,"Freitas, A.L.",794
NA,-23.896111,-46.727778,"Freitas, A.L.",793
NA,-23.453611,-46.766111,"Meyer, F.S.",817
NA,-24.879444,-47.858333,"Romero, R.",22
NA,-24.895,-47.805556,"Meyer, F.S.",7
NA,-24.956944,-47.89,"Meyer, F.S.",15
NA,-22.5,-45.833333,"Guimar√£es, P.",928
NA,-25.233333,-47.9125,"Romero, R.",NA
NA,-24.900806,-47.84175,"Meyer, F.S.",22
NA,-23.348556,-44.927472,"Meyer, F.S.",55
NA,-24.962222,-48.414722,"Romero, R.",681
NA,-24.608333,-47.876944,"Meyer, F.S.",20
NA,-28.09575,-49.623528,"Meyer, F.S.",1541
NA,-24.020556,-47.315833,"Meyer, F.S.",580
NA,-27.221667,-49.167383,"Meyer, F.S.",368
NA,-29.150186,-50.605942,"Meyer, F.S.",935
NA,-25.689142,-49.677272,"Meyer, F.S.",928
NA,-26.540542,-49.518592,"Meyer, F.S.",983
NA,-26.504067,-49.539828,"Meyer, F.S.",983
NA,-29.344717,-50.563422,"Meyer, F.S.",816
NA,-29.269142,-50.128828,"Meyer, F.S.",816
NA,-24.161811,-49.652006,"Meyer, F.S.",769
NA,-25.638653,-49.63625,"Meyer, F.S.",920
NA,-25.756219,-52.525247,"Meyer, F.S.",640
NA,-20.152,-43.736803,"Meyer, F.S.",1014
NA,-19.823222,-43.686556,"Meyer, F.S.",1220
NA,-26.8675,-49.401111,"Meyer, F.S.",615
NA,-23.716667,-45.9375,"Guimar√£es, P.",162
NA,-23.522778,-46.188333,"Guimar√£es, P.",763
NA,-12.866667,-39.479722,"Meyer, F.S.",525
NA,-13.483333,-41.816667,"Wurdack, J.J.",1291
NA,-12.85,-41.7,"Wurdack, J.J.",1192
NA,-22.892778,-46.331389,"Freitas, A.L.",1244
NA,-22.9,-46.366667,"Meyer, F.S.",1171
NA,-23.142611,-46.357889,"Meyer, F.S.",862
NA,-22.707486,-45.763947,"Meyer, F.S.",1012
NA,-23.075,-45.9375,"Freitas, A.L.",727
NA,-24.646389,-48.391944,"Guimar√£es, P.",623
NA,-22.416944,-44.922222,"Freitas, A.L.",1409
NA,-23.955556,-46.680278,"Guimar√£es, P.",756
NA,-24.270556,-49.259722,"Freitas, F.O.",1106
NA,-22.359444,-42.573611,"Meyer, F.S.",1354
NA,-22.723639,-45.507889,"Meyer, F.S.",1704
NA,-22.723611,-45.507778,"Freitas, A.L.",1704
NA,-22.723639,-45.507889,"Freitas, A.L.",1704
NA,-19.1,-43.666667,"Freitas, A.L.",1236
NA,-18.811111,-43.7525,"Meyer, F.S.",1267
NA,-18.596194,-43.869472,"Freitas, A.L.",1028
NA,-28.084972,-49.635778,"Meyer, F.S.",1480
NA,-28.521667,-50.038056,"Meyer, F.S.",1089
NA,-25.754125,-49.399242,"Meyer, F.S.",926
NA,-24.210183,-49.651728,"Meyer, F.S.",871
NA,-22.867539,-46.049725,"Meyer, F.S.",1483
NA,-26.493528,-49.599767,"Meyer, F.S.",898
NA,-17.701111,-44.316667,"Romero, R.",1163
NA,-22.675278,-42.074444,"Freitas, A.L.",11
NA,-23.333833,-46.632722,"Meyer, F.S.",799
NA,-25.592064,-51.777022,"Meyer, F.S.",879
NA,-24.634722,-48.407778,"Meyer, F.S.",623
NA,-21.533333,-46.516667,"Romero, R.",872
NA,-23.910417,-49.57275,"Meyer, F.S.",536
NA,-24.962361,-48.414889,"Meyer, F.S.",681
NA,-15.866667,-48.05,"Meyer, F.S.",1196
NA,-26.542556,-49.336075,"Meyer, F.S.",762
NA,-20.700142,-43.793147,"Meyer, F.S.",1007
NA,-26.448864,-49.401525,"Meyer, F.S.",779
NA,-26.444992,-49.418856,"Meyer, F.S.",866
NA,-25.323908,-49.488669,"Meyer, F.S.",878
NA,-24.775111,-50.053664,"Meyer, F.S.",1001
NA,-24.774856,-50.049364,"Meyer, F.S.",1001
NA,-19.030556,-43.708333,"Freitas, A.L.",1273
NA,-21.809111,-43.599639,"Freitas, A.L.",737
NA,-23.456944,-46.765278,"Freitas, A.L.",817
NA,-18.93,-43.671389,"Freitas, A.L.",1285
NA,-20.486944,-46.534444,"Freitas, A.L.",1017
NA,-20.703428,-43.835681,"Meyer, F.S.",992
NA,-19.286583,-43.589056,"Freitas, A.L.",1013
NA,-21.935111,-44.450083,"Freitas, A.L.",1119
NA,-20.603611,-46.293333,"Freitas, A.L.",1112
NA,-20.271667,-43.893333,"Meyer, F.S.",1304
NA,-20.088278,-44.017111,"Meyer, F.S.",1044
NA,-22.466167,-43.035611,"Meyer, F.S.",1185
NA,-22.624472,-45.177667,"Meyer, F.S.",716
NA,-16.065858,-50.178486,"Meyer, F.S.",777
NA,-15.971611,-47.95325,"Meyer, F.S.",1171
NA,-15.866667,-48.016667,"Meyer, F.S.",1161
NA,-15.916667,-48.016667,"Meyer, F.S.",1216
NA,-0.5,-77.816667,"Wurdack, J.J.",2772
NA,-12.9,-39.866667,"Wurdack, J.J.",613
NA,-22.839833,-47.175278,"Meyer, F.S.",618
NA,-24.275936,-50.092919,"Meyer, F.S.",945
NA,-21.838889,-46.564722,"Guimar√£es, P.",1300
NA,-22.723639,-45.507889,"Meyer, F.S.",1704
NA,-24.073611,-49.0525,"Meyer, F.S.",726
NA,-22.449556,-44.897111,"Meyer, F.S.",1912
NA,-22.402778,-44.848889,"Meyer, F.S.",1756
NA,-22.449556,-44.897111,"Meyer, F.S.",1912
NA,-19.425028,-43.924306,"Meyer, F.S.",666
NA,-14.185556,-47.626944,"Meyer, F.S.",1224
NA,-16.403053,-49.252211,"Meyer, F.S.",913
NA,-15.533333,-47.55,"Freitas, A.L.",1049
NA,-22.886111,-46.3125,"Freitas, A.L.",1244
NA,-23.835556,-46.735,"Freitas, A.L.",806
NA,-15.833333,-49.5,"Freitas, A.L.",707
NA,-14.169028,-47.610278,"Freitas, A.L.",1167
NA,-15.713889,-48.893611,"Wurdack, J.J.",1133
NA,-13.059722,-41.370833,"Meyer, F.S.",1163
NA,-12.31,-40.346944,"Meyer, F.S.",358
NA,-15.8025,-48.847222,"Freitas, A.L.",1205
NA,-14.159167,-47.785278,"Freitas, A.L.",1100
NA,-19.226361,-57.556806,"Meyer, F.S.",743
NA,-19.435383,-58.043611,"Meyer, F.S.",86
NA,-19.25,-57.616667,"Meyer, F.S.",390
NA,-18.983333,-56.65,"Freitas, A.L.",104
NA,-26.540542,-49.518592,"Meyer, F.S.",983
NA,-13.417222,-48.080278,"Guimar√£es, P.",400
NA,-13.529444,-48.0675,"Guimar√£es, P.",358
NA,-24.885278,-47.931944,"Meyer, F.S.",87
NA,-26.28,-48.961944,"Meyer, F.S.",139
NA,-25.218278,-49.375878,"Meyer, F.S.",977
NA,-23.835556,-46.735,"Meyer, F.S.",806
NA,-23.269444,-45.0875,"Meyer, F.S.",1132
NA,-28.671444,-49.922556,"Meyer, F.S.",1228
NA,-28.095556,-49.6,"Meyer, F.S.",1541
NA,-29.337314,-50.593369,"Meyer, F.S.",839
NA,-24.895,-47.918056,"Meyer, F.S.",87
NA,-24.622917,-47.88775,"Meyer, F.S.",20
NA,-25.259917,-48.86175,"Meyer, F.S.",1245
NA,-23.233889,-45.004722,"Meyer, F.S.",1177
NA,-26.122847,-49.565833,"Meyer, F.S.",906
NA,-20,-46.25,"Freitas, A.L.",896
NA,-20.412372,-46.751417,"Meyer, F.S.",722
NA,-29.082664,-50.246342,"Meyer, F.S.",945
NA,-24.268228,-50.098569,"Meyer, F.S.",945
NA,-23.224444,-23.269444,"Meyer, F.S.",NA
NA,-19.166667,-43.5,"Meyer, F.S.",1328
NA,-21.916667,-47.25,"Meyer, F.S.",605
NA,-24.141389,-47.994167,"Meyer, F.S.",761
NA,-24.058333,-47.989722,"Meyer, F.S.",774
NA,-22.880833,-46.3075,"Freitas, A.L.",1244
NA,-25.254,-48.880333,"Meyer, F.S.",882
NA,-25.221611,-48.856556,"Meyer, F.S.",1165
NA,-22.566667,-47.55,"Guimar√£es, P.",623
NA,-23.583333,-46.466667,"Guimar√£es, P.",796
NA,-23.583333,-46.466667,"Guimar√£es, P.",796
NA,-23.818611,-46.716944,"Guimar√£es, P.",791
NA,-24.266667,-49.15,"Guimar√£es, P.",1021
NA,-21.838889,-46.564722,"Freitas, A.L.",1300
NA,-22.868889,-46.040833,"Freitas, A.L.",1583
NA,-22.566667,-47.55,"Freitas, A.L.",623
NA,-25.889611,-48.956417,"Meyer, F.S.",711
NA,-26.493528,-49.599767,"Meyer, F.S.",898
NA,-22.101525,-45.138453,"Meyer, F.S.",1059
NA,-22.801944,-47.0525,"Freitas, A.L.",614
NA,-20.040417,-46.057,"Meyer, F.S.",712
NA,-20.488667,-46.547664,"Meyer, F.S.",973
NA,-15.002222,-49.366611,"Meyer, C.A.",517
NA,-23.774167,-45.665,"Meyer, F.S.",27
NA,-24.879444,-47.850833,"Meyer, F.S.",22
NA,-23.633333,-45.866667,"Guimar√£es, P.",905
NA,-27.221667,-49.167383,"Meyer, F.S.",368
NA,-24.879444,-47.858333,"Meyer, F.S.",22
NA,-28.1926,-49.446731,"Meyer, F.S.",569
NA,-29.634811,-50.302275,"Meyer, F.S.",626
NA,-18.331667,-43.690556,"Meyer, F.S.",1373
NA,-18.370861,-43.993861,"Meyer, F.S.",1009
NA,-18.398611,-43.348056,"Meyer, F.S.",1505
NA,-18.395833,-43.348333,"Meyer, F.S.",1505
NA,-26.831944,-48.642222,"Meyer, F.S.",30
NA,-27.221667,-49.167383,"Meyer, F.S.",368
NA,-15.81485,-48.85849,"P.J.F. Guimar√£es",1205
NA,-22.35947,-42.5736,"P.J.F. Guimar√£es",1354
NA,-22.45943,-43.02779,"P.J.F. Guimar√£es",1185
NA,-22.73318,-44.61657,"P.J.F. Guimar√£es",1613
NA,-28.05447,-49.36847,"P.J.F. Guimar√£es",798
NA,-22.45278,-43.01992,"P.J.F. Guimar√£es",1550
NA,-28.3118,-49.6177,"P.J.F. Guimar√£es",1311
NA,-28.40174,-49.55177,"P.J.F. Guimar√£es",1323
NA,-28.05059,-49.38088,"P.J.F. Guimar√£es",1135
NA,-19.25301,-43.54875,"P.J.F. Guimar√£es",1194
NA,-28.39772,-49.55212,"P.J.F. Guimar√£es",1323
NA,-22.37281,-44.70396,"P.J.F. Guimar√£es",2187
NA,-15.80008,-48.81598,"P.J.F. Guimar√£es",1178
NA,-18.39868,-43.34816,"P.J.F. Guimar√£es",1505
NA,-18.21751,-43.59379,"P.J.F. Guimar√£es",1266
NA,-21.728389,-44.961889,"Romero, R.",1115
NA,-23.239444,-45.004722,"Meyer, F.S.",1177
NA,-23.1425,-46.357778,"Meyer, F.S.",862
NA,-21.719444,-44.97,"Meyer, F.S.",1115
NA,-22.723611,-45.507778,"Meyer, F.S.",1704
NA,-21.710939,-44.926397,"Romero, R.",1058
NA,-21.728389,-44.961889,"Meyer, F.S.",1115
NA,-12.45,-41.45,"Wurdack, J.J.",790
NA,-13.666667,-41.233333,"Wurdack, J.J.",844
NA,-16,-39.05,"Wurdack, J.J.",57
NA,-13.416667,-41.283333,"Wurdack, J.J.",971
NA,-13.666667,-41.333333,"Wurdack, J.J.",1076
NA,-16.416667,-39.2,"Wurdack, J.J.",34
NA,-12.85,-41.2,"Wurdack, J.J.",421
NA,-17.483333,-39.216667,"Wurdack, J.J.",5
NA,-17.516667,-39.216667,"Wurdack, J.J.",6
NA,-10.45,-39.333333,"Wurdack, J.J.",445
NA,-12.466667,-41.366667,"Wurdack, J.J.",497
NA,-20.846389,-46.628306,"Meyer, F.S.",994
